id,node_id,name,parent_id,create_user_id,parent_mindMap_id,details,img_url,attachment_url,attachment_name,is_premium
1,1,装修流程目录,,1,1,,,,,
2,2,1 硬装前期,1,1,1,,,,,
3,3,1.1 装修入门知识总结,2,1,1,"## 1 前言
1、整体阶段：1）准备阶段；2）硬装阶段；3）软装阶段；
2、装修特点：非标、低频、复杂；
3、装修三大需求：安全、实用、美观；
## 2 准备阶段
### 2.1 基本概念
1、水电泥木油：水是血液，电是神经，泥木是骨骼，油是皮肤；
2、搭建过程是施工，用的东西是装修材料；
3、看不见的是辅材，如水管、电线、水泥、砂浆
5、看得到是主材，如瓷砖、地板、卫浴洁具；
6、设计决定施工和材料，施工和材料影响效果；
7、全包是施工+材料（辅料和主材），半包是施工+辅料；清包是施工； 
8、把房子倒过来，会掉下来的就是软装，不会掉下来的就是硬装； 
### 2.2 收房验房
1、验房工具：卷尺+空鼓锤；
2、开发商出示三书一证一表：住宅质量保证书、住宅使用说明书、建筑工程质量认证书；房地产开发建设项目竣工综合验收合格证；竣工验收备案表；
3、要求先验房再签字交钱；最好是雨天，能发现渗水问题；
5、看门和窗：外观、开关、损伤、缺失、不灵活；
6、地面墙面：空鼓锤敲敲、有无裂缝、
7、已经刷过腻子的墙面，沾水看能不能搓掉，判断是否耐水腻子（可以不用铲）；
8、水路：到一盆水进去，畅通就行；看管道是否牢固完整；
9、烟道空调孔位和外机的位置；
10、能量的尺寸都量一量，想象一下以后的生活；
### 2.3设计规划
1、设计和预算两部分；
2、自己先设计；只有自己才懂自己的生活；
3、房子是用来住的，其次才是用来看的；
5、和谁居住、什么生活习惯、爱好、怎么做法、洗衣服多少；事无巨细地记下来；
6、反应性审美（感官，无高下）和反思性审美（有高下）
7、酷家乐设计软件；如果设计师用的也是酷家乐、三维家什么的，那他的水平也没比你高多少；专业设计师用的是CAD、3Dmax之类的；
### 2.4 掌握预算
1、设计费，应当收费；设计师20多年的专业学习和行业经验不是花几天时间了解一下就行的；
2、基装：人工和辅材；
3、暖通设备；单独找商家；
4、门窗；窗户、防盗门、入户门等，不包含卧室门、卫生间门；
5、主材：1）门：厨房、卧室、卫生间、阳台门等室内门；2）地面：瓷砖地板、踢脚线、美缝；3）墙面：瓷砖、瓷片、墙纸、乳胶漆； 4）洁具、卫具、灯具、开关；
6、全屋定制：橱柜、鞋柜、衣柜 、酒柜、电视柜、餐边柜、阳台柜、定制书桌和榻榻米等；
7、成品家具：沙发、茶几、餐桌、椅子、床垫
8、家电：
9、家居装饰：
10、省钱原则：性价比、体验、后期成本、安全成本；
11、都是一锤子买卖，装修公司也不会负责你的售后；
12、有技术壁垒的选大品牌，如家电；而一些技术壁垒不高的或技术已十分成熟的，选小厂更划算；
13、线上线下：高度个性化的服务如地暖、窗、空调就线下购买（可以砍价且个性化），而很多标品，如主材、辅材、成品家具，都可以网上购买；
15、智能家居：分为智能设备和智能生态，智能设备比较成熟，如智能门锁、扫地机、马桶等，智能生态用来开关就足够了；
## 3 硬装阶段
### 3.1 设计
1、带着设计图和预算和想法去找设计师和施工方了；
2、完整的设计包括“平面布置图”，“施工图”，“效果图”；“施工图”有很多，平面地面顶面，水路电路灯光，用于指导施工；
3、根据设计图纸给你提供有效的报价；
4、在设计定稿时，先确定好暖通、门窗、定制的商家，一起和设计师去工地看看，确定暖通设备的安装位置和门窗柜子的尺寸；
### 3.2 施工
1、用一段时间冷静地对比分析，看工地看案例，比报价比专业； 
2、半包：工人的事交给工人去干，把控整个装修流程、明白工人在干什么、为什么要这样干、不被忽悠、关键点是什么，这些是学习装修的目的；
3、关于家装监理：博主的意思是，只是个安慰剂，多半不靠谱，自己学会才是硬道理；掌握验收标准就行；
### 3.3 暖通
1、除了施工，暖通、门窗和定制是除了基装，要提前找好的；
2、暖通包括空调、地暖、净水等；基本一个商家就都做完了；
3、空调分为分体式、风管机、中央空调；
4、地暖分水地暖和电地暖，电地暖；选水地暖就行，电地暖是偶尔开开；
5、新风：管道式适合大别墅，壁挂式适合普通家庭；
6、净水：入户净水系统过滤杂质、软水系统过滤水垢、饮用净水系统过滤细菌；入户净水建议装一个反冲洗前置过滤器；
### 3.4 门窗
1、要求：保温、隔音、结实，就是要导热慢、密封好、强度高；
2、分类：推拉窗（密封不行）和平开窗；塑钢（保温隔热不错，强度低）、铝合金（强度高、不保温不隔音，没什么人用）、断桥铝（啥都好，但贵）三种；

### 3.5 硬装工序
1、水电泥木油；或者水电木瓦油，区别是木工和泥工谁在前的关系；
2、泥工/瓦工：回填、找平、找坡、防水、瓷砖铺贴等工作；
3、木工：吊顶、门窗收口、墙面木饰面；
5、油漆工：刮腻子、刷墙漆； 
#### 3.5.1 开工准备
1、物业备案，装修保证金；
2、墙固地固：黄墙绿地；作用是锁住表面粉尘，更有抓附力；动工前刷没问题，刮腻子和贴砖前刷更好；100多一桶；拆改完、铲完墙之后做；
3、放线：标记所有开关插座、灯线灯槽、吊顶、窗帘盒、家具家电；拆除墙体、新建墙体位置，吊顶完成线、门洞完成线；找平完成线、贴砖完成线；
#### 3.5.2 拆改
5、拆改：拆、砌、补；
6、拆之前需要先保护，用石膏板、保护膜保护好要保护的地方；
7、墙面不是耐水腻子的要先铲掉；
8、保温墙需要铲除的三种：保温墙质量不好、省保温墙空间、厨房卫生间需要贴砖的地方；
9、拆窗时间，木工阶段结束后；
10、砌墙用红砖，不行就轻气砖+红砖；植筋、留搓、构造柱这些都是靠谱的工人要做的；新旧墙之间用马牙槽的工艺；
11、拆改完后让设计师复尺；
#### 3.5.3 水电
1、空调、地暖、净水、定制一起先来水电交底；
2、水：给水和排水，给水分冷水热水管直径d为25的PPR管，左热右冷； 给水装完后要打压测试，不漏水；
3、排水要求不堵和不臭，PVC管够用；直径d110排污（下水道）、d75（不堵）和d50排废（厨房）；墙排水还是直排水，墙排走墙，外面没有管子；同层排水建议做二次排水；
5、电：强电弱电；
6、弱电：网线用六类或超六类网线；预埋光纤；厨房卫生间都要留网线；
7、强电：用BV单股硬线，没必要BVR多股软线；1.5/2.5/4平方(毫米)电线，粗细决定承载电流大小，电流承载能力=2.5以下\*9、4及以上\*8/7/6，如1.5\*9=13.5A,  6\*7=42A，再算成功率就是这个线能承受的最大功率了；
8、各区域回路电线：照明1.5平方、普通插座2.5平方、厨房卫生间4平方、普通空调4平方、中央空调6平方；地线用2.5平方；零火版的智能开关要在插座里加零线；
9、电线管PVC；电路完成后试电，看通没有；
10、让实际设计进行整体报价更好，因为水电改起来很快，水电的复杂与否对材料和人力的成本影响不大；
11、水电若担心出问题就走天，质量好就走地；
12、水路弯头角是直角，需要横平竖直；墙面电线也需要横平竖直，能知道电线在哪儿；
13、水电完成后要多拍照保存，后期检修和维护需要；
15、水电顺序：水电交底、开槽、打孔、布线、点位、装前置过滤器、电路测试、水路打压、预埋、铺地暖；大概7个工作日完成；
#### 3.5.4 泥工
1、就是和水泥打交道；泥工价格最贵；
2、砌墙、包管、回填、找平找坡防水和瓷砖铺贴；
3、回填：建筑余料回填、陶粒回填、发泡水泥回填、碳粒回填、架空不回填；推荐发泡水泥回填；
5、找平：贴砖前不用刻意找平，贴砖时再找；但要让地暖施工方用地暖专用的混凝土进行找平；
6、卫生间先找坡再刷防水和贴瓷砖；
7、防水：在地漏附近做好，其他地方防水做好了也排不出去； 
8、防水做好后卫生间灌满水，等48小时后看水位没有下降即可；
9、地板：地暖要求实木复合地板；强化地板质量差、实木地板需打蜡等维护；
10、地砖选小品牌的高端产品；
11、瓷砖尺寸越大，密度越大、吸水率越低、质量越好、价格越高；
12、地砖上墙要瓷砖胶就贵，瓷片不好看，商家会建议地砖上墙；
13、地砖铺贴先干铺来试铺，然后用靠尺和找平器；
15、墙砖阳角：切45度或海棠角打美缝；
16、美缝做两次；
17、瓷砖挑选要防止R角，即2片中间拼接处有塌陷，贴好后，有棍棒印；
#### 3.5.5 木工
1、一般就吊顶和窗帘盒；
2、石膏板和防水石膏板；
3、厨房用轻钢龙骨；
5、泥木工工期15个工作日左右；
#### 3.5.6 油工
1、乳胶漆选大品牌，不要追求国外品牌；
2、先刮两三遍腻子找平，打砂、一层底漆、两层面漆；
3、刮腻子时，新旧墙体和开过槽的地方要挂网后刮腻子，不然后面一定开裂；
5、腻子用水性的成品腻子；

## 4 软装 
推荐书籍：《小家越住越大》
### 4.1 全屋定制
1、装修决策方法：步骤一、真实需求；步骤二、如何实现；步骤三、实现方式的缺点。
2、全屋定制的两种方式：一、找全屋定制商家；二、木工现场打柜子。
3、组成：设计+板材+加工（裁切、打孔、封边）+配件（五金、石材等）+安装
4、第一种方式找商家，类似于硬装中的全包。第二种方式类似于硬装中的清包。
#### 4.1.1 设计
1、原因：为了符合房屋和物品的尺寸；符合生活习惯；符合审美要求。
2、自助规划
考虑如下：生活习惯、收纳方式、嵌入式家电以及外观风格（建议话草图，可以使用诸如「酷家乐」app）。
3、选设计师
沟通情况和实际案例两方面。
P.S. 假如自助规划可以落地很详细，可不请设计师。
#### 4.1.2 板材
1、板材（饺子）=基材（馅儿）+饰面（皮儿）
2、基材：木头?胶。区别：木头粉末、颗粒、木条还是木板以及什么品种的木头。胶的用量和品种。
3、饰面：区别：实木皮、纸皮、塑料皮贴面、刷漆、烤漆、刷木蜡油。
板材性能由基材和饰面的用料和工艺决定。
5、板材无最好，只有最适合
6、选择板材的需求维度：
- 环保性（通常胶越少越环保）。P.S. 甲醛释放等级：国标GB/T39600-2021：E1低于0.124mg/立方米。E0低于0.050mg/立方米。ENF低于0.025mg/立方米。
- 稳定性。受基材结构影响
- 握钉力。板材与钉子的摩擦力，钉的牢不牢固。会受到木材的强度、密度、硬度、弹性、纹理方向、含水率等因素影响。**看木材的结构**
- 防潮性。受木材密度和饰面防水性。
- 美观度。饰面图案，木材纹理颜色，表面加工雕刻。
- 价格。成本影响。一张板材一般1.22 x 2.44米。「如果是全屋定制商家，板材两种计算方式：展开面积和投影面积。前者更准确。投影面积的价格是展开面积的四倍」。
7、板材种类：
- 颗粒板（实木颗粒板或刨花板）：木材颗粒?胶水组成。特点：结构差，握钉力不强，不耐潮，环保不行。还是可以做到中庸水平，主要是便宜。
- 欧松板（定向结构刨花板或OSB板）：与颗粒板相似，但用料不同。大刨片?MDI胶。环保型比上一种更好，握钉力强。常用于墙面木饰面打底。价格比颗粒板略贵。
- 密度板（中纤板）：木头粉末（木纤维）?胶。用胶量大。木纤维压制便于加工雕刻，可做复杂花纹，木材结构差非常不耐潮。一般用作门板或背板。
- 多层板（实木多层板或胶合板）：木头薄片?胶。家装9-11层居多，用胶量少，物理性能好，耐潮性好。价格略贵。如用胶量大的话容易形变，用作柜体不做柜门。
- 生态板（大芯板或细木工板）：将（软木）木方粘贴成整板，上下贴一层薄木板。易加工，但物理性能较差。
- 实木板（并非一整块木板，依然是多块木板?胶合成），一般不做贴面，多数采用开放漆，刷水性或木蜡油。仅横向和纵向拼接。前者为直拼板（更好），两者都采用为指接板。
8、各种名词解释：
国标GB/T28202-2011已废除
实木：真是木材。实木板材，多块木材拼接而成
原木：原本木材。实木锯材，**一整块锯的完整木头。**
指接板和直拼板叫实木板。
但是，在GB/T28202-2020删除了一部分定义，没有原木的说法，不管原木、实木锯材实木板统称实木家具。
（小结）
板材领域：
xxx实木板、实木xx板（诸如实木颗粒板、多层实木板、生态实木板）没有任何意义，为了好听。
实木板：指接板和直拼板。
原木板：未经拼接的完整木板（市面上几乎买不到，可忽略）。

家居领域：
- 实木类材料：原木和实木板
- 原木家具：已无此说法，哪怕是原木做的，依旧统称实木家具。
- 实木家具：主要零部件由实木类材料做的家具。（辅材用了少量人造板材也是实木家具）
- 纯实木家具：全部无论主材和辅材都是实木制作，国标无此说法。国标只有全实木家具和覆面实木家具。
- 全实木家具：表面**未**经贴面处理的纯实木家具。
- 覆面实木家具：表面经贴面处理的纯实木家具
- 人造板家具：由人造板材制作，上述提到的六种中的前五种。
![](https://i0.hdslb.com/bfs/note/7736f7bcf79b36d60a64a86dc10ff976fd7b6c9c.png@620w_!web-note.webp)
P.S. 价格不可一概而论分地区。
颗粒板和多层板优选。
9、板材类型选择：
方案一（不推荐）：
全部颗粒板。防潮性差。
方案二（推荐）：
厨卫柜体多层板，其他用颗粒板。
方案三（推荐）：
所有柜体全部多层板，所有柜门全部颗粒板。
10、板材品牌选择：
进口：
爱格（Egger，奥地利），可丽芙（Cleaf，意大利），克诺斯邦（Kronospan，德国）等。
国产：
兔宝宝、千年舟、莫干山、露水河、大亚、大王椰、万华等。
本地品牌：
时间长有一定知名度。
11、板材厚度：
通常用18厘（毫米），若多留空间背板选择9厘（毫米），注意单位是毫米。
12、饰面
未做饰面的基材叫素板，做完饰面才可用到柜子上叫精板。
方式：贴面和涂料。
贴面：基材贴一层（三聚氰胺纸、PVC覆膜、PET吸塑和实木贴皮）上述的五种一般都贴面，最多是三聚氰胺纸，又叫免漆板。贴什么都OK，看个人喜好。
涂料：在基材做烤漆、刷漆或木蜡油。
烤漆和汽车上类似，但是贵。
13、刷漆：
清漆和混油。前者是透明油漆，后者是带颜色油漆。要保留木材原本的色泽和纹理刷清漆，否则选混油。
开放漆和封闭漆。前者是将木材原本纹理色泽露出来，后者是则是遮盖木材原本纹理色泽。P.S. 需要与清漆和混油区分开。清漆和混油是油漆，开放漆和封闭漆是工艺。
水性漆和油性漆。前者用清水稀释、更环保、主流选择，后者要用香蕉水稀释。
油漆是合成树脂为原料，干透形成一层膜。木蜡油以植物油植物蜡为原料，渗透至木材，更环保美观。
#### 4.1.3 加工
1、裁切、打孔和封边
2、封边（重点）：把侧面裸露基材封起来。
方式：
- EVA热熔：用胶量大、不环保、胶线明显、易开裂。
- **PUR热熔：与EVA相反，正在取代EVA。这个挺好，性价比高。**
- 激光：最好，价格贵。
手工现场打柜子的精度没有机器高
#### 4.1.4 配件
1、五金和台面
2、五金：铰链（合页）、衣通、拉手、滑轨、拉直器、拉栏、碗篮以及橱柜和浴室柜的水槽水龙头。影响使用，一定要问清楚价格。
品牌：
国产：东泰（推荐）、悍高、顶固、诺米等
进口：百隆（Blum，奥地利）、格拉斯（Grass）、海蒂诗（Hettich，德国）、海福乐（Hafele）、萨郦奇（Salice，意大利）等
3、台面：
只推荐石英石。不推荐不锈钢。岩板贵（冠珠?、一诺、中盛、德利丰、蒙娜丽莎，每平米2k-3k）。
4、洗菜盆：不锈钢台下盆
5、洗手盆：陶瓷一体或可丽耐一体或岩板
#### 4.1.5 安装
1、盯一下板材和配件是不是你选的，有没有色差，尺寸是否合适，安装完是否牢固顺畅就行了；
#### 4.1.6 找定制
1、想省心不想省钱的，直接索菲亚、欧派，
2、想省钱的，让老板通过自己的渠道给你做，板材配件要自己把控；
3、找全屋定制的代工厂，通过地图搜索，找到规模和口碑都不错的代工厂；搜一下”如何找到全屋定制的代工厂“；
5、找到工厂实地看：1）看数控开料机开出的每张板是不是光滑没有崩边；2）看封边，白色板的封边，够不够光滑圆润，看不到胶线；3）看工厂有没有数控六面钻；4）看有没有环保证书；
### 4.2 成品家具
1、成品家具的工艺和环保通常比定制家具要好；
2、降低定制家具的比例，买成品家具更省钱； 
#### 4.2.1 木材
1、成品家具也能让普通人用上实木家具；
2、硬木与软木；
3、硬木：北美黑胡桃，北美硬木之王；

#### 4.2.2 成品家具的选购建议
1、能上实木上实木；能上硬木上硬木；
2、网购；源氏木语、维莎原木品牌；
3、价格由高到低：
黑胡桃、樱桃木、橡木（非橡胶木，橡胶木是胶树）【源自橡树】、白蜡木、水曲柳、榉木（此处指山毛榉）、橡胶木、松木（多种木材统称，是软木）、杉木。
#### 4.2.3 为什么要用进口木材
1、中国现在的森林覆盖率是23%，新中国成立时是8%，远低于世界平均水平31%；中国法令禁止砍伐天然林，适度发展速成林；
### 4.3 室内门
1、卧室门一般木门；
2、实木门和实木复合门；
3、一般实木复合门：外面用实木薄板包起来，里面的芯材用整块木头比较好；
5、门框的芯材要用最好的，门板次之，门套再次之；
6、饰面：烤漆>油漆>实木贴皮>PVC贴面>三聚氰胺纸贴面；
7、最好的就是门框门板门套都实木，复合门最好是实木填充的芯材和实木贴皮；
8、单包口、双包口；单包口：只包一面，另一面贴砖。双包口：门套两面都包，像卧室门一样
### 4.3 踢脚线
1、最好与门套颜色统一；
2、如果追求无踢脚线设计（贵），装修前期需要和设计师商量。
3、踢脚线材质：PVC、竹木纤维、金属、瓷砖、实木。
前三种可以用卡扣。瓷砖挺好，耐用不潮、不易脱落，但与门套颜色不好搭。实木用的多，安装方式用无痕钉更牢固。
### 4.4 地板
1、强化复合地板：基材是密度板，饰面是三聚氰胺纸，然后加三氧化二铝耐磨层。可理解为加耐磨层的免漆密度板。优点：便宜、耐磨、不易变形。缺点不防潮、用胶量大不适合地暖。
2、辨别质量：一、厚度，越厚越好建议8～12毫米。二、耐磨等级，国标家用一级（数字越小等级越高）/欧标AC3（数字越大等级越高）。
3、实木复合地板分为：多层实木复合地板和三层实木复合地板。前者是基材使用多层板，饰面实木贴皮。后者是上下两层用木板，中间用木条拼接。性能趋近于实木地板。优点：实木纹理，含胶量少，具备一定防潮性。缺点：表面不耐磨，需要养护，价格略高。
4、辨别实木复合地板质量：一、基材/实木贴皮的木材种类，参考木材。二、实木皮的厚度，越厚越好。三、耐磨等级，国标家用一级（数字越小等级越高）/欧标AC3（数字越大等级越高）。
5、WPC地板：木头和塑料，含胶不耐磨，价格贵，未被认可。
6、SPC地板：石头和塑料，特性像瓷砖，性价比高，密度大，防水，耐磨，不含胶，无甲醛，导热快适用于地暖，很薄省层高。边角容易碎，脚感硬。对地面平整度高，要自行找平。
### 4.5 织物
#### 4.5.1 窗帘
1、选滑轨做窗帘盒；配合电动滑轨；
2、在硬装阶段装滑轨；
3、涤纶（耐用、遮光、抗皱、易清洁、不透风、价廉）适用于卧室需要遮光静音的空间。
亚麻（透光、通风、使用寿命长、清洗麻烦、缩水）适用于无需遮光灰尘少的书房。
棉麻（与亚麻类似，比亚麻柔软，透光、通风、不耐晒、不易清洗、不抗皱、易变形、性价比高）适合客厅。
真丝窗帘（高级、具有一定阻燃性、价格贵）
丝绒（垂感好、厚重、光泽亮丽、遮光、吸音、隔热保温、实惠、易沾灰）
纱帘：化纤原料很薄的布。通风、透柔和，适用于无需遮光的空间。
5、窗帘的高度低于2.8米定高，高于2.8米定宽。
6、褶皱倍数：布料宽度是窗帘宽度的几倍，纱窗选1:2.5倍。布帘宽度超过4米选2倍，小于4米选1.8倍。
#### 4.5.2 沙发
1、沙发别买贵的，性价比太低；
2、只要面料好打理，坐深深，回弹好，跟风格搭就行；推荐网购；
#### 4.5.3 床垫
1、硬中带软、软中带硬；
2、结构：弹簧层、铺垫层、面料层；
3、独立袋装弹簧和整网弹簧；独立袋装弹簧翻身不影响旁边人，但透气性差，部分承重区域老化快，三分区已足够，多区就是为了多卖钱；
5、铺垫层不同材质、性能的海绵、乳胶、纺织品及新兴材料一层层堆上去，越厚越贵，但有噱头，比如加个5mm的乳胶层就说自己是乳胶床垫；栖作品牌；
### 4.6 家电
#### 4.6.1 吸油烟机
1、风量就是吸烟量20m3/min是足够的；风压是排风能力，300~400pa；
2、侧吸、顶吸之类的，离锅越近效果越好；
3、选有自清洁功能、单向排烟、操作便捷的；
#### 4.6.2 燃气灶
1、选火力大的；有效火力=热负载\*热效率；热负载5kw就很大了，热效率1级能效66n%
2、集成灶相对难维修、难清洗；
#### 4.6.3 洗碗机
1、类型：选嵌入式
2、洗涤方式：区别不大，主流喷淋（推荐），高端超声波。
3、烘干方式：区别不大，冷凝烘干就够，晶蕾烘干适合预算够
4、容量：12套足够；越大越好。
#### 4.6.4 冰箱
1、尺寸提前定好；定频变频：选变频。
2、制冷方式：风冷和风直混冷；
3、保鲜：低温、高湿度、低含氧量下；有应用保鲜技术就行
5、循环系统：风机配蒸发器。单循环整个冰箱一套循环，双循环是冷藏和冷冻分开，三循环是是冷藏和冷冻和变温分开。选后两者。
#### 4.6.5 洗衣机
1、说洗净比的是忽悠的；洗净原理：滚筒和波轮。优先滚筒。
2、电机选BLDC，静音；
3、带杀菌功能的；
#### 4.6.6 烘干机
1、方式：冷凝式、直排式和热泵式；只有热泵式才能即用即穿；
#### 4.6.7 热水器
1、升数、水箱材质、是否恒温、零冷水、排烟方式；
2、升数正常16升；无氧铜；水气双调恒温；零冷水可保恒温，可选；墙排式和平衡式；
3、燃具8年报废；
#### 4.6.8 电视
1、画质：电视>激光电视>投影；因为激光和投影都是把光投上去；
#### 家电选购
1、不同品牌：冰箱洗衣机--海尔；分体式空调--格力；洗碗机--美的；烟机灶具--方太；集成灶--火星人；智能锁--凯迪仕；
2、线上线下都了解一下，团购也行；
## 5 入住
1、除甲醛，溶于水，窗帘什么的都洗一遍；通风；入住前关一星期测甲醛；","['前言封面.png','test2.png']",/docs/装修入门知识总结.md,装修入门知识总结.md,1
4,4,2 暖通,1,1,1,,,,,
5,5,2.1 封窗,4,1,1,,,,,
6,6,2.1.1 封窗商家线上对比,5,1,1,"## 1 框架
1、**五大系统**：铝材强度系统、隔热系统、密封系统、玻璃系统、五金系统；
## 商家线上调研
1. 门窗不要再去问是不是广东品牌生产的，好的门窗没有地域之分
2. 不要问铝型材牌号，问老板**铝材牌子**，避万坑。不错的品牌：东城铝材，华建铝材，兴发铝材，栋梁铝材，凤铝铝材，栋梁铝材，高登铝材，亚铝铝材，坚美铝材等
3. 壁厚问**通体壁厚**，不要只重视局部壁厚。通体壁厚指门窗所有的筋，有主框，副框，玻扇，纱扇等。国标强制执行标准1.4mm，基本可以适用大部分高楼层。新国标1.8mm基本我国居民建筑都够用了
4. **主框，副框，玻扇**分别是多少腔体，叫的上名的品牌主框基本都是4腔体，玻扇和副框分别是3腔体
5. **纱窗**可以选择标配有哪些，金刚网、高清，高透。推荐选高清网，网孔密集不容易损坏
6. **玻璃**是哪家厂的原片？不错的品牌有信义原片，南玻原片，台玻原片，旗兵原片，沙玻原片等
7. **玻璃的深加工厂**是哪家？通过3C认证编码搜索加工厂，体量小的加工厂不要选，因为技术和设备的落后会存在玻璃生产出来带有水波纹，增加自爆率，密封性不好容易漏气起雾。
8. **玻璃是不是标配充氩气**？一般门窗生产商家拥有自己的玻璃生产线，基本都标配所有玻璃充氩气的，部分商家会加收费用15左右/平方
9. **玻璃标配的是5mm还是6mm**？玻璃升级6mm或8mm加价怎么算，一般标配5mm，大玻璃3平方升级6mm，4平方升级8mm，5平方升级10mm
10. **Lowe玻璃**是标配还是额外加价的？超白玻加多少钱；Lowe玻璃一般是选配项，标配都是白玻，加价一般在60-80/平方；
11. **五金品牌是什么**？600-800/平方的门窗常见五金品牌有：进口好博执手，唯哈根，希美克，霍曼，坚朗，合和，国强，春光，固宇，科鲁克，斯坦福，瑞纳斯，深圳好博。800-1000/平方的门窗常见五金品牌有：丝吉利娅，诺托，索宾柯，格屋，AGB，吉斯，玻璃希美克 ^0dd336
12. **隔热条是什么品牌**？隔热条常见品牌：信高，科源，盈科，宝泰，优泰，克洛斯，源发，融海，白云。单平方1000以上的隔热条：泰诺风，巴斯夫，亚松，舒兹曼。 ^7d2dda
13. **隔热条是什么型号**？尼龙PA66，隔热条常见的有I字形<C字形<多腔体<栅栏式<多腔栅栏式。其中I字形基本已经被淘汰，有积水隐患存在。
15. **密封胶条是什么品牌**？**是不是三元乙丙**？常见品牌：江阴海达，宁波新安东，窗友，联合强，白云，实达，天赏； ^1ab24f
16. **安装辅材有哪些**？辅材一般同价内可以指定门店使用，胶水用瓦克或之江，发泡剂用美盛或易高，螺丝用12cm304的拉爆螺丝或欧式自切螺丝
17. **中空铝条是不是拼接的**？最好一体折弯；
18. **旧窗拆除是否包修边**？
19. **质保多久**？一般玻璃质保5年左右，五金质保10年左右，最好选择整窗质保；
20. **玻扇有几道密封**？最好3道；
21. **是否是一字型隔热**？最好是；",,,,
7,7,2.1.2 封窗商家工地参观,5,1,1,"去封窗商家的实际工地进行考察，查看实际封窗成品的质量、工艺、细节；

3、**三道密封有没有？**
4、**玻璃胶条和隔热条**：是否有品牌；
5、**五金**：除了把手，看侧面的锁盒、传动点，锁座、合页、铰链是不是同一个品牌的；开关顺畅，无晃动；
6、**玻扇有没有三个腔体**：看侧面有两个角码；
7、**玻璃**：3c用钥匙刮不下来；玻璃没有波纹；
8、**密封打胶是否美观规整**；
9、**窗户牢靠稳定；**

1、**看主框整体宽度**是否是110、120等要求的宽度；
2、**看型材厚度是不是1.8或2.0**：1）看窗框背面未注胶的地方的厚度；2）在排水的地方，把排水盖拿掉，用卡尺卡型材厚度；3）师傅打螺丝前，看螺丝孔里面的厚度；
3、**看腔体结构**：对比商家店面中拍出来的截面，看是不是商家承诺的腔体结构：1）在框体背面看加强筋数量，是不是照片中的5、6、7根；2）看隔热条的宽窄和形状是否一致；3）在玻扇后框处，看有几个角码，三腔体有两个角码；4）量一下玻扇厚度和样品厚度，是否一致；
![[Pasted image 20250129100047.png|350]]
5、**玻璃胶条和隔热条**：看玻璃的固定胶条和隔热胶条是不是品牌，一定要有logo和型号；围着型材周围看，有没有标志，而且有的话要仔细检查具体对应的品牌，有的就算是印了pa66的标 也有可能不是正统的尼龙隔热条?? 有国标品牌 ??有非国标? 有进口?? ，不对的话不要安装??
![[Pasted image 20250129104138.png|350]]
6、**五金**：除了把手，看侧面的锁盒、传动点，锁座、合页、铰链是不是同一个品牌的；
![[Pasted image 20250129104423.png|350]]
7、**玻璃**：1）3c用钥匙刮不下来；2）除了3c，看3c下面的玻璃编码，到58云玻查询，看这个深加工厂是不是和玻璃原片厂家有合作关系；3）玻璃厚度检查：按事先说好的来，具体算法在图二，严禁货不对板??不对的话不要安装！5+20A+5，就是30mm；4）中间的铝条有没有一体折弯；
![[Pasted image 20250129104245.png|350]]
8、**螺丝**：螺丝不要选小黄鱼！自切和拉爆螺丝最好！区别在图中；不要打在隔热条上；
![[Pasted image 20250129104344.png|350]]",,,,
8,8,2.1.3 封窗商家线下对比,5,1,1,"1、1 看宽度和壁厚 ??2 看框架和腔体 ??3 看垂直等温线 ??4 看隔热条 ??5 看密封 ??6 看玻璃 ??7 看外观 ??8 看其他细节；
![[Pasted image 20250128004431.png|450]]

2、宽度与壁厚：整体宽度120以上，通体壁厚2.0mm，不要波纹铝；
![[Pasted image 20250128004459.png|450]] ^0ce4c7

3、腔体：认识主框、副框、玻扇；分别4、3、3腔体以上；加强筋4-5根； ^0ce71f
![[Pasted image 20250128004648.png|450]] 

4、隔热系统1：等温线要垂直；隔热条要宽要宽
![[Pasted image 20250128004850.png|450]]

5、隔热系统2：多腔隔热最好；pa66隔热条；
![[Pasted image 20250128005043.png|450]]

6、密封系统，主要是玻扇密封，最好3-4道密封，中间有小舌头搭接；三元乙丙；
![[Pasted image 20250128005204.png|450]]

7、**玻璃系统**：加工厂好的话阳光下不能有波纹，lowe玻璃；三层夹胶充氩气最好；5mm以上；中空铝条一体折弯；
![[Pasted image 20250128005544.png|450]]

8、玻璃外密封胶；内部密封胶；
![[Pasted image 20250128005617.png|450]]

9、**五金系统**：开关10次以上顺畅；选品牌；
![[7922b5e93ff7a938fd6194721f76d84.jpg|450]]

10、踩坑点：
1）假断桥，结构差不保温；
2）铝材以次充好：波纹铝，回收再生铝；
3）主框壁厚虚标；
4）隔热条宽度不足20mm；
![[Pasted image 20250128005741.png|450]]

11、检测报告：要求看检测报告，保温、隔音、水密、气密、抗风压；",,,,
9,9,2.1.4 封窗合同签订,5,1,1,"等量尺后满意再约谈合同细节，记得一项项谈！！
1.写清铝材、玻璃、五金以及配件等 ，一定一定要求写明假一赔三！
2.确定合同工期（一般都在一个月左右） 
3.确定包工包料安装运输等费用：提前沟通好设计图纸、旧窗拆除、洞口修补处理、防水处理、包装、运费、高空吊装费、搬楼费、垃圾清运、产品保护是否含在价款内，并在合同上承诺不收取报价表外其他费用！
4.明确工程违约责任赔付 
5.写明工程延期赔付条例 
6.确定单价及最终总价
7.确定付款方式；
8.确定施工过程中的安全责任划分 ：一定要在合同上写明“大型玻璃吊装、高空作业安装施工过程中出现任何事故一律由封窗方负责”；
9.确定验收标准，附上验收单；
10.确定五金、玻璃等质保年限 ；一般铝材质保15-30年，五金配件10年，玻璃产品5年左右～（一定要写上玻璃什么情况下可以免费换，而且还要写明产生的费用谁出）
11、付款比例很重要，一开始就要问清楚，例如5:5，后期的5怎么付，是验收好了再付还是窗框材料这些出厂了就要付！！！ 定金50%，框架安装后30%，留20%的尾款在完工验收后付。（这是我对比了多家，他家留尾款最多的，大多数是10%）
12、合同盖骑缝章，一式两份；
13、各种型号配置附进合同并盖章；设计图纸也附在后面；
14、增项管理：写上“实际面积小于乙方计算面积，应对多算部分予以减除；
15、拍一下定的腔体结构截面图，量一下主框宽度、玻扇宽度、隔热条宽度，后面验收要用；

![[Pasted image 20250129111218.png]]
![[Pasted image 20250129111322.png]]
![[Pasted image 20250129111303.png]]
![[Pasted image 20250129111228.png]]
![[Pasted image 20250129111427.png]]",,,,
10,10,2.1.5 封窗过程注意事项,5,1,1,"封窗过程包括材料验收、施工过程；
## 材料验收：
1、**看主框整体宽度**是否是110、120等要求的宽度；
2、**看型材厚度**：1）看窗框背面未注胶的地方的厚度；2）在排水的地方，把排水盖拿掉，用卡尺卡型材厚度；3）师傅打螺丝前，看螺丝孔里面的厚度；
3、**看腔体结构**：对比商家店面中拍出来的截面，看是不是商家承诺的腔体结构：1）在框体背面看加强筋数量，是不是照片中的5、6、7根；2）看隔热条的宽窄和形状是否一致；3）在玻扇后框处，看有几个角码，三腔体有两个角码；4）量一下玻扇厚度和样品厚度，是否一致；
![[Pasted image 20250129100047.png]]
5、**玻璃胶条和隔热条**：看玻璃的固定胶条和隔热胶条是不是承诺的品牌，一定要有logo和型号，能对得上；围着型材周围看 有没有图1的标志，而且有的话要仔细检查具体对应的品牌，有的就算是印了pa66的标 也有可能不是正统的尼龙隔热条?? 有国标品牌 ??有非国标? 有进口?? ，不对的话不要安装??
![[Pasted image 20250129104138.png]]
6、**五金**：除了把手，看侧面的锁盒、传动点，锁座、合页、铰链是不是同一个品牌的；
![[Pasted image 20250129104423.png]]
7、**玻璃**：1）3c用钥匙刮不下来；2）除了3c，看3c下面的玻璃编码，到58云玻查询，看这个深加工厂是不是和玻璃原片厂家有合作关系；3）玻璃厚度检查：按事先说好的来，具体算法在图二，严禁货不对板??不对的话不要安装！5+20A+5，就是30mm；4）中间的铝条有没有一体折弯；
![[Pasted image 20250129104245.png]]
8、**螺丝**：螺丝不要选小黄鱼！自切和拉爆螺丝最好；不要打在隔热条上；
![[Pasted image 20250129104344.png]]9、检查结构胶发泡胶是否是品牌的，不是的话 换！还要看是不是过期了，非常容易出现！ 建议安装前一周好好沟通这个事情；
![[Pasted image 20250129104503.png]]


## 监工安装
最重要的：1 人身安全！2 牢靠！3 不漏风漏水！4 美观平整；
1.安装前 ，吹灰机吹干净灰尘，最好堵漏王刷一下外墙，你不说有的师傅直接给你安，不管后期容不容易出问题?? 
2.窗户要横平竖直，找平仪＋垫块?气垫 一起找平！空隙不能超过2cm??核对尺寸，开启扇位置，开启扇方向 
3.打泡沫胶要充足 要紧紧填缝 窗户与墙体之间，外探窗户的上顶板与窗户和墙体之间，玻璃与窗扇之间??都要打满?? 
4.打结构胶注意 一定要注意细节，尤其是交界口部分要平，宽度要够（1cm）均匀连贯饱满，防止后期漏风漏雨?? 
![[Pasted image 20250129105447.png]]
5.检查密封胶条是否安装整齐，有无破损，有破损的地方，让师傅给重新换的；安装完后查密封性是否良好，用打火机点火测试开启扇的密封性火苗无晃动合格，或者加一张a4纸抽不出即合格?? 
![[Pasted image 20250129105507.png]]
6.检查边角位置有无缝隙，窗框与墙体间的距离不能超过两厘米?? 
7.检查窗户是否牢固结实，按压大玻璃和开启扇4个角无晃动?? 
8.检查窗户是否有排水孔和排水槽，排水要顺畅 
9.检查每个外开窗是否有防坠绳?? 
10.检查把手铰链等五金配件品牌是否和合同一致，开关是否开合顺畅。链条螺丝有无打满，螺丝不能打在隔热条上?? 
11.注意验收合格后千万不要着急付尾款，下雨过后检查窗边有无漏水渗水现象之后再给；

## 详细安装过程
1、检查窗框玻璃、配件、尺寸等并做好地面保护 2、清理洞口 3、标记门窗定位线 4、窗框上墙 5、螺丝临时固定窗框 6、水平仪确认门窗安装基准线 7、气垫调整水平垂直度 8、安装门窗专用承重垫片 9、预打固定螺钉孔 10、打入不锈钢拉爆螺丝或专用自切螺钉固定窗框 11、喷水保持墙体湿润 12、打聚氨酯发泡胶填缝 13、做好防水密封，南方多是底下填充水泥；北方多是打发泡胶 14、做好外沿披水坡排水 15、等发泡胶干透，切掉多余发泡剂 16、清洁外立面，清理墙缝及外沿 17、四周打上耐候密封胶 18、检查框胶和排水孔并清理窗框 19、放玻璃垫块，在边框多固定几块玻璃垫片 20、装大玻璃，一般上吸盘抬大玻璃 21、放好大玻璃，盖上压线固定玻璃 22、压密封胶条，即压三元乙丙密封胶条 23、安装调试五金配件及窗扇纱扇等 24、调试到合格后，清理现场，等待验收",,,,
11,11,2.1.6 封窗验收,5,1,1,,,,,
12,12,2.2 地暖,4,1,1,,,,,
13,13,2.2.1 地暖知识学习,12,1,1,"大原则：保温做得怎么样，才是决定日后使用成本的关键因素；
1、地暖大类分：水地暖（大户型性价比）、电地暖（小空间）、干式地暖（省层高）；
2、地暖的组成部分（前提：水地暖）：锅炉、分集水器、分室控温、管道、保温；外加铺设工艺；
![[Pasted image 20250130114540.png|450]]

## 锅炉
1、锅炉类型：普通炉、预混炉和冷凝炉。冷凝炉虽然贵一点，但是效果更好，更节能；锅炉功率：18KW：90平以下（采暖面积）；24KW：90-150平；28KW：150-220平；35KW：220-310平。
- **燃气壁挂炉**：选冷凝式（热效率＞100%），品牌推荐德国威能、菲斯曼、日系林内、国产小松鼠、沃乐夫；
![[Pasted image 20250130115032.png|400]]
2、怎么看锅炉编号？ 现在有的商家很黑心??，看消费者不懂拿着大气式燃烧炉说是冷凝炉，拿着单用炉说是两用炉?? 其实从锅炉编号中就已经可以看出来??炉子是不是冷凝炉、是不是全预混冷凝、是不是采暖生活热水两用的了。重点关注第一位是不是“L”，第五位是不是“Q”。?? 
![[Pasted image 20250130115608.png|350]]![[Pasted image 20250130120333.png|350]]

3、锅炉选择看哪些参数？ 除了额定功率外，这2个个人认为必不可少： ①最小热输出功率：选小的。决定了你夏天洗澡时水是不是热水稍微大一点就烫小一点就冷（当然跟花洒质量也有关系），以及开地暖时锅炉是不是频繁启停 ②热水量：准确说是1分钟内能将多少升水温度加热升温25度/30度的能力。越大意味着出热水越多，同等条件下选大的。
![[Pasted image 20250130115631.png|350]]![[Pasted image 20250130115829.png|350]]


## 管道
1、盘管：
1）PERT：耐温60℃以下，柔性好、带阻氧最好（主要是防细菌滋生，五层阻氧最好！三层阻氧管阻氧层外露，回填比较容易被破坏失去阻氧功能！地暖管路里长期50℃左右的循环水混入氧气会成为军团菌的“培养皿”，俗称地暖结垢，时间长了影响地暖散热，选择阻氧管是为了节省后期养护费用。地暖管清晰大概200元一个回路！南方自供暖出水温度一般不会超过60℃，PERT五层阻氧够用了。
2）PEXB/C：质量更好，但是也更混乱，品牌，比如瑞好灰管。进口、阻氧、耐高温！缺点：贵！注：如果地暖选用的两联供：盘管建议用20管，采暖效果会更好。
2、主管认准pex材质，盘管认准pert管；
2、品牌：国产：伟星、保利、日丰；合资：柯诺德、瓦普斯、乔治、瑞好；
![[Pasted image 20250130115149.png|400]]

## 保温

3、保温板：1、推荐XPS挤塑板（白晶板）：厚>2.0，导热0.030。（好的品牌：绿羽、丹佛斯）更环保，密度高，不易开裂，推荐。一定要认证清楚，不要被用成了普通的白板。2、ESP蘑菇板：厚1.6，导热0.041。问题：1、卡槽盘管方式造成地暖管和混凝土的接触面减少，造成散热面积减少，降低换热效率。2、找平后，会和蘑菇头填平，材质不同，热胀冷缩影响，很容易造成找平层开裂，使地板开裂。3、无反射膜，热传导差。（感觉后期会有问题，个人不建议）

4、反射膜：种类：无纺布反射膜、镜面反射膜、纯铝反射膜作用：1、均衡热传导（真铝层的厚度决定效果）2、防止混凝土腐蚀保温板（最好是纯铝的）3、辅助安装和防水防潮注意：假冒的纯铝很容易混凝土的腐蚀。4、反射膜拼接的地方重叠5cm以上，并用胶带固定

## 分集水器
??分集水器是什么？ 地暖的“控制中枢” 控制着地暖水流的“分”与“集” 是调节地暖水流量以及控制地暖管路进回水的装置 ??分集水器怎么装？ 地暖分集水器1路覆盖的面积大约为12-15O 一般1个房间为1路 当面积过大，例如客餐厅30O以上，则需要2-3个回路覆盖 地暖分路后每个房间的温度都可以单独控制 也可2-3个回路合并控制 通过线控器来调节室内温度 ??分集水器装在哪？ ??如果家里面积100平左右 地暖盘管一个回路能顾得过来,那么可以安装在： ??厨房水槽下面 ??卫生间台盆下面 ??阳台柜子里 ??这三个位置离排水点较近 方便后期检修的时候接管排水
![[Pasted image 20250130131253.png|400]]
2、选好一点的黄铜的，市面上常见的好点的品牌，不然坏了很麻烦。每层楼一个。1、材质：黄铜、不锈钢。不锈钢贵且材质较难区分，所以市面上大多为黄铜。2、整体工艺：一体铸造成型可以有效避免分集水器漏水等问题。3、壁厚：标准一般位4.0MM4、分路间距：标准的为50MM5、光滑度：好的分集水器都是镜面工艺，光滑度过关，不毛糙，更有利于水流通。4、高位阀芯、中位阀芯、低位阀芯（容易累积水垢，不选）；
3、分集水器管道密集，主管道需要加保温套；
4、阀芯：中位阀工艺可有效防堵，反之就是低位阀，容易堵塞，从而降低水流量，好的阀芯弹跳灵敏，有很长的使用寿命。
7、品牌：品牌太多了，国外：丹佛斯、嘉科米妮、沃茨、卡莱菲。国产：曼瑞德、乔治。选择正规厂家问题不大，根据预算来选。


## 施工工艺与辅材
### 辅材
1. **品牌选择**：绿羽和诺尔是推荐的品牌。避免使用标有“定制”的杂牌辅材。
    
2. **防潮垫**：有些地暖系统会标配防潮垫，有些则没有。
    
3. **保温板**：选择白晶板，厚度最好大于3厘米。缝隙处需要用铝箔胶带封起来，柜体隔离也需要。
    
4. **反射膜**：选择全铝的反射膜，越厚越好。
    
5. **边界保温条**：用于减少热量向墙体流失。
    
6. **伸缩缝**：在采暖面积较大的情况下，需要设置伸缩缝。
    
7. **保温套**：分集水器出来的盘管需要做保温套，以防局部过热。
### 安装工艺
1、打扫地面，防止尖锐物品划伤管道！
![[Pasted image 20250130125657.png|300]]
2、保温板厚度2公分以上，拼接处要用【铝箔胶带】粘贴！
![[Pasted image 20250130130008.png|300]]
3、核对材料是否和所订品牌一致，尤其分水器和管道！
![[Pasted image 20250130130036.png|300]]

4、墙边要用保温条，防止散热过快！最好是反射膜上翻到保温条；
![[Pasted image 20250130130055.png|300]]

5、管与管之间的距离不能大于20公分（反射膜上面有测量格子，可以比对测量）！
![[Pasted image 20250130130121.png|300]]
6、拐弯处要走水滴型！
![[Pasted image 20250130130152.png|300]]

7、柜子下方最好不做铺设，防止后期柜体受热出现问题！
![[Pasted image 20250130130207.png|300]]
8、铺设面积大于30平或者长度大于6米时要加伸缩缝！
![[Pasted image 20250130130225.png|300]]
9、分水器下方管道要用保温套！
![[Pasted image 20250130130310.png|300]]
10、铺设完成后打压测试48小时！
![[Pasted image 20250130130327.png|300]]
11、回填。如果你不提前强调，那么工人大概率会用水泥和粗沙来回填，这样填不是不可以，但过于密实会影响散热效果，推荐水泥、沙子、豆石，按照1:2:3的比例回填，这样散热效果好，也不会划伤管道。
![[Pasted image 20250130130352.png|300]]
售后。地暖需要定期清理管道、检修。每个品牌都会有售后，有些品牌的售后是收费的，有些则免费，且每家售后的服务态度和及时性也不同，可以提前了解一下品牌在当地的售后情况再做选择。
1、**管道铺设**
    - **无接口**：整根管道铺设，禁止拼接（漏水风险极高）。
    - **固定方式**：使用专用卡钉固定，间距≤20cm，避免管道移位。
    - **避开柜体**：柜体下方不铺地暖管，但需满铺保温板（防止冷桥效应）。
    - **伸缩缝**：在采暖面积较大的情况下，需要设置伸缩缝。
    - **硅晶网**：
    - **保温板**：拼接的地方用纯铝箔胶带；柜子下不盘管，但要贴保温板；
    - **反射膜**：反射膜拼接的地方重叠5cm以上，并用胶带固定；反射膜上墙；


2、 **分集水器处理**
    - **保温套**：分集水器连接处的水管必须加装保温套，避免局部过热损坏地板。
    - **位置选择**：优先安装在卫生间或厨房（便于检修），避免裸露在客厅。不要选下置，容易水垢堵塞；

3、**回填施工**
    - **材料**：豆石（粒径5-12mm）+混凝土（标号≥C15），严禁用建筑垃圾碎石。
    - **厚度**：回填层4-5cm，养护期≥7天（每日洒水防裂）。

4、 **温控系统**
    - **面板位置**：安装在房间中央1.2m高度处，远离热源和冷空气入口。
    - **分室控温**：大户型需分回路控制，卧室、客厅单独设置温控器。
![[Pasted image 20250130121434.png|400]]

## 商家调研
![[Pasted image 20250130130453.png]]",,,,
14,14,2.2.2 地暖商家线上对比,12,1,1,"# 地暖商家线上对比
## 品牌
1、德国威能、德国菲斯曼、日本林内
2、选择资历相对比较深的，后期维护和施工质量更有保障；
3、 壁挂炉南方一般多采用壁挂炉的形式提供热源。其实就是更加精密功率更大的热水器。一般分什么国产、德系、意系啥的。品牌有：威能、博世、菲斯曼、阿里斯顿、AO斯密斯、喜德瑞、依玛、贝雷塔、八喜、林内、小松鼠、万家乐、万和等等。注意：进口的牌子不等于产品也是进口的，要节能就用冷凝炉。
4、温控器就像是地暖的遥控器一样。品牌有：卡莱菲、丹佛斯、霍尼韦尔、西门子、欧姆龙、耐克森、曼瑞德、铭仕、海林、万家暖等等。现在也有出来互联网温控，通过手机APP来控制房间温度的。 
5、分集水器一般是黄铜或不锈钢制成的。作用在于调节温度、分室供暖、分流稳压。品牌有：丹佛斯、嘉科米尼、卡莱菲、欧博诺、欧文托普、森威尔、爱迪生、曼瑞德、意瓦、柯耐佛、瑞好等等。 
6、管道应该是地暖行业内竞争最大的产品吧，品牌巨多。如：爱康保利、GF、菲时特、瑞泽、金德、伟星、金牛、日丰、美尔固、九牧、公元、日泰、瑞好、欧博诺、嘉科米尼、卡莱菲等等。 
7、保温材料.地暖保温层都是埋在地面以下的，很容易被消费者忽视，这也使得一些奸商借此使用差的产品牟利。地暖中的保温材料一般是指：挤塑板、边界保温条、反射膜。一般把这三样和卡钉、钢丝网、铝箔胶带、伸缩缝、保温套管等一起统称为地暖辅材。品牌有：陶氏化学、欧文斯科宁、绿羽等。


### 我的需求

- **房屋情况及需求**：地暖、生活用热水两用；淋浴花洒：2个、冷热水龙头：3个；做分室控温；
    
- **采暖面积**：93O
    
    - 注：采暖面积不含卫生间、生活阳台、全屋定制落地柜下方
        

### 给商家填的地暖系统配置方案

| 项目                      | 商家填写内容 | 填写说明               |
| ----------------------- | ------ | ------------------ |
| **锅炉配置**                |        |                    |
| 类型与型号                   |        | 常规炉/冷凝炉            |
| 最大/最小功率                 |        |                    |
| 品牌                      |        |                    |
| 一分钟热水量                  |        |                    |
| 价格                      |        |                    |
| **分集水器**                |        |                    |
| 材质                      |        | 材质类型、壁厚、是否一体成型     |
| 品牌                      |        |                    |
| 阀芯                      |        | 是否高位               |
| 流量计                     |        | 有/无                |
| **温控器型号品牌**             |        |                    |
| **电热执行器型号品牌**           |        |                    |
| **中央联动控制器型号品牌**         |        |                    |
| **管道**                  |        |                    |
| 主管                      |        | 材质、型号、品牌、几层阻氧      |
| 盘管                      |        | 材质、型号、品牌、几层阻氧      |
| **保温结构**                |        |                    |
| 保温板                     |        | 有/无；若有，填写材质        |
| 铝箔胶带                    |        | 有/无                |
| 反射膜                     |        | 有/无；若有，填写是否纯铝镜面反射膜 |
| 边界保温条                   |        | 有/无                |
| 卡钉                      |        | 有/无                |
| 硅晶网                     |        | 有/无                |
| **施工**                  |        |                    |
| 施工工艺参考标准                |        | 有/无；若有，填写参考哪个标准    |
| 盘管离墙距离                  |        |                    |
| 盘管间距                    |        |                    |
| 盘管密集局部间距＜100mm时，有无套柔性管套 |        | 有/无                |
| 盘管地面部分有无接头、连接件          |        | 有/无                |
| 单条盘管长度                  |        |                    |
| 有无设置伸缩缝                 |        | 有/无；若有，填写设置位置      |
| 回填材料                    |        | 注明材料内容、是否预拌        |
| 打压测试次数                  |        |                    |
| 施工工期                    |        |                    |
| **材料+人工价格**             |        | 列出单价，结合采暖面积计算总价    |
| **方案总价**                |        | 锅炉+材料+人工           |

## 调研表答案

| 项目                      | 商家填写内容                                | 填写说明               |
| ----------------------- | ------------------------------------- | ------------------ |
| **锅炉配置**                |                                       |                    |
| 类型与型号                   | LL开头，第5或6位是Q；                         | 常规炉/冷凝炉            |
| 最大/最小功率                 | 90平以上最大24Kw，最小3-5Kw                   |                    |
| 品牌                      | 威能、菲斯曼、林内                             |                    |
| 一分钟热水量                  | 12L以上能兼顾洗澡和洗碗                         |                    |
| 价格                      | 2W以下                                  |                    |
| **分集水器**                |                                       |                    |
| 材质                      | 黄铜、4mm壁厚、无接缝一体<br>成型；                 | 材质类型、壁厚、是否一体成型     |
| 品牌                      | XXX                                   |                    |
| 阀芯                      | 高位；                                   | 是否高位               |
| 流量计                     | 有；可发现堵塞；                              | 有/无                |
| **温控器型号品牌**             | XXX                                   |                    |
| **电热执行器型号品牌**           | XXX                                   |                    |
| **中央联动控制器型号品牌**         | XXX                                   |                    |
| **管道**                  |                                       |                    |
| 主管                      | PERT I型或PEXA/B，性价比高，20mm直径，品牌管子，5层阻氧； | 材质、型号、品牌、几层阻氧      |
| 盘管                      | PERT性价比高，16-20mm直径，品牌管子，5层阻氧；         | 材质、型号、品牌、几层阻氧      |
| **保温结构**                |                                       |                    |
| 保温板                     | 白晶板挤塑板                                | 有/无；若有，填写材质        |
| 铝箔胶带                    | 有                                     | 有/无                |
| 反射膜                     | 纯铝镜面反射膜；越厚越好                          | 有/无；若有，填写是否纯铝镜面反射膜 |
| 边界保温条                   | 有                                     | 有/无                |
| 卡钉                      | 有                                     | 有/无                |
| 硅晶网                     | 有                                     | 有/无                |
| 有没有防潮垫                  | 有                                     |                    |
| **施工**                  |                                       |                    |
| 施工工艺参考标准                | xxx                                   | 有/无；若有，填写参考哪个标准    |
| 辅材的品牌是什么                | 绿羽、诺尔品牌，不是“定制”                        |                    |
| 盘管间距                    | 150mm-200mm                           |                    |
| 盘管密集局部间距＜100mm时，有无套柔性管套 | 有                                     | 有/无                |
| 盘管地面部分有无接头、连接件          | 无；要一管到底                               | 有/无                |
| 单条盘管长度                  | 80m左右；长了不好                            |                    |
| 有无设置伸缩缝                 | 有                                     | 有/无；若有，填写设置位置      |
| 回填材料与比例                 | 水泥、沙子、豆石，按照1:2:3的比例回填                 | 注明材料内容、是否预拌        |
| 打压测试压力与时间               | 打压8Pa测试48小时                           |                    |
| 施工工期                    | xxx                                   |                    |
| **材料+人工价格**             |                                       | 列出单价，结合采暖面积计算总价    |
| **方案总价**                |                                       | 锅炉+材料+人工           |",,,,
15,15,2.2.3 地暖商家线下对比,12,1,1,"## 工地参观
1、材料设备入户前要地面铺木板，以免压坏地暖管；
2、盘管密集局部间距<100mm时，有无柔性管套？答：有；
3、盘管地面部分有无接头、连接件？答：无；每一回路都要一管到底；
4、单条盘管长度？答：80m左右；长了不好；
5、有无设置伸缩缝？答：有；
6、回填材料是什么？答：豆石+混凝土；水泥、沙子、豆石，按照1:2:3的比例回填
7、厨房/柜子下面不铺地暖，要不要铺保温板？答：要铺，加反射膜；
8、打压测试？答：打压测试48小时；
9、回填后要用水平仪测试，误差在3mm左右；
10、回填完后要洒水养护；
11、墙面与地之间有保温条；
12、反射膜要上翻上墙；

## 我的需求
1、采暖面积：大概90平，采暖面积不包括卫生间、厨房、玄关、生活阳台、以及落地柜下方；
2、采暖、生活用水，两用；
3、淋浴2个、热水龙头3个；
4、需要做分室控温；

## 商家材料调研
### 锅炉
1、锅炉类型是什么？答：冷凝炉，两用炉；
2、功率多大？答：90平以上用24kw；
3、最小热输出功率？答：越小越好，3kw左右好；
4、一分钟热水量多少？如果同时洗澡洗碗用12L以上；
5、锅炉型号是什么？答：LL开头，第5或6位是Q；
## 管道
1、主管道材质、型号、品牌、几层阻氧？答：PERT I型，性价比高，20mm直径，品牌管子，5层阻氧；
2、盘管道材质、型号、品牌、几层阻氧？答：PERT性价比高，或PEXA/B，20mm直径，品牌管子，5层阻氧；


## 分集水器
1、分集水器材质、壁厚、是否一体成型？答：黄铜、4mm壁厚、无接缝一体成型；
2、分集水器品牌是什么？
3、阀芯位置？答：高位；
4、有无流量计？答：有；可发现堵塞；
5、分水器出来是盘管有没有保温套？答：有；

## 保温
1、保温板是什么材质？答：白晶板；
2、铝箔胶带？答：有；
3、反射膜材质？答：纯铝镜面反射膜；越厚越好；
4、边界保温条有无？答：有
5、卡钉有无？答：有；
6、硅晶网有无？答：有；

## 温控器
1、需要分室控温，有没有电热执行器及中央联动控制器？答：有；

## 安装辅材
1、辅材的品牌是什么？答：绿羽、诺尔品牌，不是“定制”；
2、有没有防潮垫？答：有；

## 施工工艺
1、施工工艺参考标准有吗？答：有，给出参考的标准；
2、盘管密集局部间距<100mm时，有无柔性管套？答：有；
3、盘管地面部分有无接头、连接件？答：无；要一管到底；
4、单条盘管长度？答：80m左右；长了不好；
5、有无设置伸缩缝？答：有；
6、回填材料是什么？答：豆石+混凝土；水泥、沙子、豆石，按照1:2:3的比例回填
7、厨房/柜子下面不铺地暖，要不要铺保温板？答：要铺，加反射膜；
8、打压测试？答：打压测试48小时；
9、施工工期多长？答：
10、材料设备入户前要地面铺木板，以免压坏地暖管；
11、反射膜要上墙；",,,,
16,16,2.2.4 地暖合同签订,12,1,1,"# 地暖合同签订
1、**报价明细表** 
报价明细表构成了地暖合同的核心板块，必须详尽地列出所有细节（包括产品系列、规格、型号、产地、配件、辅材、颜色、数量以及计价方式、单价、小计价格等），确保信息明确无误，它将作为现场验货和未来维权的关键凭证。（作为合同的附件）壁挂炉、地暖管、分集水器等产品型号要写清楚，要详细到字母编号，避免偷梁换柱。 
2、**设计图纸**：地暖的设计图纸都是软件画出来的，跟实际铺设会有差异，不用太计较布管的方式，但需要明确哪些地方铺和不铺，间距多少、分集水器位置、温控位置、锅炉位置等。（定位交底需明确并画好） 
3、**价格**：商家的报价套路是先给官方价，然后再打折。合同上，一定要确认是最终的价格。
4、**支付比例**：在确认合同中的报价明细表无误后，接下来要审视费用和支付方式。不同公司有不同的付款规定，尽量争取在安装验收后支付更多的尾款，这样可以有效避免安装问题出现时责任推脱的情况。
5、**明确无增项**：合同上一定要写上“无任何后期增项”7个字。不要什么口头承诺，一定要白纸黑字写到合同上。
6、**交货与工期说明 - 交货方式**：合同中应留意运费、吊装费、搬运费等安装费用的承担方。 工期：同时关注时间限制，确保与水电工程及其他施工环节的协调一致。
7、**标准和规范**：条款中应明确指出地暖安装需遵循的标准和规范（如地暖相关规范JGJ142-2012），并根据自家实际情况提前设定一些特殊约定。
8、**验收条款 - 验收标准**：签订合同时应将口头承诺的验收标准书面化，明确写入合同，例如边界保温条、反射膜、硅晶网的铺设等。
9、验收期限：合同中最好明确标注验收时间范围。
10、**保修与售后服务**：
- 保修范围：合同应明确保修范围，包括产品本身缺陷、安装引起的渗漏、操作不便、密封不严、固定不稳等问题； 
- 保修期限：在保修期内（如X年），产品质量问题可享受免费上门维修服务；非产品问题则可收取适当成本和人工费； 
- 保修费用：保修期内提供无条件维修服务；保修期外则提供有偿维修服务。
- 不同的保修期：锅炉、发热电缆、温控面板、电磁阀、分集水器、地暖盘管、暖气片、地暖主管等各部分的保修期各不相同，务必在合同中明确并注明。

![[Pasted image 20250202124609.png]]
![[Pasted image 20250202124615.png]]
![[Pasted image 20250202124622.png]]
![[Pasted image 20250202124627.png]]
![[Pasted image 20250202124632.png]]",,,,
17,17,2.2.5 地暖安装,12,1,1,"# 地暖安装
1??**基层处理**：清理垃圾减少保温板空鼓概率 
2??**不砸保温层**：地面保温层不砸，直接开槽铺水电保温效果好更节能 
3??**核对进场材料**：要求与合同一致 
4??**安装分集水器**，布信号线（开槽）这一步会产生垃圾要清场（地暖主管道和分集水器可以提前在水电阶段先装好，等水电结束后再进场铺设地暖）
5??**铺保温板**，贴边界保温条（保温条不能用保温板切割成条代替） 要求：3公分厚白晶板（蘑菇板要多一次找自流平，费用贵几千，找平没找好也不一定省层高，节能性和白晶板差别不大且性价比低，预算高的直接冲绿羽白晶板，预算低的也可以用其他品牌，只要是品质好的都可以，好的白晶板透光度很高）想保温好白晶板要少切割，少缝隙，缝隙大处打上发泡剂，柜子底下不做地暖区域也一定要铺上保温板（柜子下面盘管可能会影响柜子变形的问题），保温条交界处搭接5公分 
6??保温板拼接处贴纯**铝箔胶带**
7??贴**纯铝反射膜**：主要目的是为了盘管定位，反射热量，反射膜之间的搭界处至少5cm。 噱头：反射膜上墙覆盖保温条没必要 注意：铺设反射膜之前不要洒水，因为吸了水分的保温板会影响它的隔热保温性能
8??**盘管**：①水管要选一管到底，中间不能有接口，要求按图纸施工，管道上有标注长度可以核对每一路长度相差控制在10％以内 ②面积跨度大的位置加上**伸缩缝**（门槛处加伸缩缝，面积大于30平或单边长度大于6米的地方加伸缩缝）有的工地伸缩缝下面会套保护管，可以防止回填层热胀冷缩时拉扯管道。不过伸缩缝的目的是为了给回填层做个隔断，这样回填层在热胀冷缩时能留有空间收缩，所以伸缩缝很有必要，至于伸缩缝下面要不要套保护管，可套可不套 ③盘管内圈转回头弯时要做**水滴形**，靠窗处管道加密 ④分集水器管道上套上**保温管**，弯管处使用弯管器（露在外面的管一定套保温套管，不管是主管路还是地暖管）
9??**铺硅晶网**，防止回填层开裂
??**打压保压**：要求保压至装修结束 打压测试：使用打压泵打8个压，地暖管路长有膨胀通缩。后期管路基本保持在4-6个压，这都正常。业主去工地要勤观察压力表的数值。注水排出空气，打压1.5倍工作压力或者不小于0.6MPa，静置稳压1小时下降不大于0.05MPa，静置12小时下降后不低于工作压力，管道和接口不漏不渗即为合格 
 1?1、回填完后要**洒水养护**；
 12、验收：要求**拍照留底**，VR留底
1、尖锐垃圾：![[Pasted image 20250130125657.png]]
2、核对主管品牌和材质；
![[Pasted image 20250202111537.png]]3、核对分管品牌和材质；
![[Pasted image 20250202111621.png]]
4、核对保温板；
![[Pasted image 20250202111639.png]]
5、边界保温条；
![[Pasted image 20250202111745.png]]
6、铺保温板；最好错缝拼接；
![[Pasted image 20250202111811.png]]
7、铺反射膜；反射膜上墙；
![[Pasted image 20250202111839.png]]
8、盘管；
![[Pasted image 20250202111852.png]]
8、伸缩缝；
![[Pasted image 20250202111923.png]]
9、硅晶网；
![[Pasted image 20250202111944.png]]
10、分集水器；倾斜安装？
![[Pasted image 20250202111959.png]]
11、回填：
![[Pasted image 20250202114931.png]]
12、打压测试；
![[Pasted image 20250202112016.png]]",,,,
18,18,2.3 净水系统,4,1,1,,,,,
19,19,2.3.1 净水知识学习,18,1,1,"# 净水知识学习
## 前置知识
1、自来水里有：
1. 颗粒杂质：添加剂、管道铁锈等；
2. 余氯：自来水消毒残留的氯气；
3. 重金属：工业污染、自来水管；
4. 病原体：虫体、微生物；
2、全屋净水分为：
1）粗过滤；
2）全屋水质过滤；
3）饮用水过滤；
4）生活用水、涉水电器软化；
3、装置孔径决定作用
1. RO膜反渗透净水器：孔径0.1纳米，去除水之外的所有，主要是末端细菌、病毒、重金属等；
2. 中央净水器：孔径5-10微米，主要去除余氯和杂质；
3. 前置过滤器：孔径25-40微米，过滤泥沙、铁锈、杂质、虫卵、大颗粒等；
4. 软水器：只是离子交换，没有过滤；



## 各设备知识
全屋净水系统的维护成本相对较高，装了用不起，损失惨重
![[Pasted image 20250207215737.png|350]]
**前置过滤器**：维护方式：定期冲洗
 成本：如果不更换新设备，仅考虑冲洗用水等，维护成本可忽略不计；
 挑选：1）滤网材质：活腮，25微米，360旋转反冲洗，10吨/每小时，反重力设计；2）顶部水压表，要安装多口下水管； 
**中央净水机**：维护方式：需要定期更换滤料，以保证净化效果。
 维护频率：正常情况下，活性炭和石英砂 2 - 3 年更换一次
 成本：更换一次的费用约 1500 元，平均每年约数百元。不同品牌、型号的中央净水机，因滤料产地、材质、数量不同，价格会有差异；
 挑选：1）pp棉+活性炭，5微米，除氯率99% ，透明外壳；2）二合一过滤棉几十到一百，30吨净水量；3）价格3千-5千，超过就是品牌溢价；
 ![[Pasted image 20250207220013.png|350]]
**中央软水机**（个头大）：就是把钙和镁置换成了钠，水会变滑；
 维护方式：每月加盐保证盐箱内盐溶液处于过饱和状态，尽量每年将软水机拆卸一次，清理各部位杂质，检查树脂损耗量和交换能力，对老化严重的树脂进行更换
 维护频率：每月加盐，每年进行一次全面清理和检查
 成本：以月为单位计算，每月买盐花费，一年约 700 元。不同品牌的软水机，在盐的消耗和其他维护方面成本差异不大；
 挑选：1）选罗门哈斯树脂，工人最好，1.5T/H以上通量；2）控制阀，时间+流量，精准再生树脂；3）干盐再生；4）缺盐提醒、硬度调节、自动运行、按需旁通、漏水保护；
![[Pasted image 20250207225129.png|350]]

**末端直饮机**：
 维护方式：主要是及时更换滤芯。
 维护频率：不同类型滤芯更换周期不同。如 PP 棉滤芯寿命一般为 3 - 6 个月，活性炭滤芯寿命为 12 - 15 个月，反渗透膜在 24 ~36个月左右
 成本：市面上不同品牌、型号产品的纯水机维护成本差别较大。以常见的 50 加仑反渗透机型为例，两年的维护成本计算，平均每年更换滤芯的成本大约在 500 元左右；400 加仑的大流量无桶纯水机，一年的维护成本也不会高很多，但一些高端品牌或具有专利接口滤芯的产品，维护成本会较高；
 挑选：1）RO膜：无脑杜邦陶氏； 对比TDS（水中可溶性固体物的含量？）脱盐率98%；3）通量：3L/min，1200G加仑；4）里面有粗过滤的三级复合滤芯和反渗透RO膜；可选二合一复合
 
总体而言，全屋净水系统每年的维护成本大约在 1800 - 2000 元左右，若选择国际大品牌或高端产品，维护成本可能会更高，同时，水质情况、使用频率等也会影响维护成本，水质差、使用频繁，滤芯更换周期可能缩短，成本相应增加。",,,,
20,20,2.3.2 净水装置挑选,18,1,1,,,,,
21,21,2.3.3净水器安装,18,1,1,"# 净水器安装
1. **确保足够的安装空间**
一般净水器都装在厨下，首先量尺寸，每款净水器尺寸会有差异，就担心选的净水器买回来装不下，就尴尬了，或者也可以装在台面上，缺点就是不好看。
2. **预留电源插座**
装ro反渗透净水器，它过滤后是纯净水，精度很高，需要插电使用，靠里面的水泵，把水压过去，进行过滤；所以要有电源，没电源可以拉个插排，办法总比困难多。但是净热一体机就不需要用插排了，功率大带不动。
3. **预留水龙头的孔位**
水槽的位置，要装净水器的水龙头，通常都是预留2.8cm―3.5cm的孔位。当然个别品牌和型号，水龙头的尺寸更大，购买前问清楚，毕竟涉及到开孔，还是有些师傅可能要收取开孔费用。还有些安装环境很特殊，不打算把水龙头装在水槽上面，或者有的直接装不了，也可以用“水龙头挂片”，装在你想要的位置，老房子安装比较多，只是影响美观。
4. **水源和下水**
净水器的使用肯定得有水，在三角阀的位置，接一个净水器的三通就行了，在使用过程中会有废水的排放，通常把废水管直接插到下水里，也可以装一个多功能下水，会美观一些。",,,,
22,22,2.4 空调,4,1,1,,,,,
23,23,2.4.1 中央空调,22,1,1,,,,,
24,24,2.4.2 风管机,22,1,1,,,,,
25,25,2.4.2.1 风管机挑选,24,1,1,"# 风管机挑选
①**匹数选择** 【使用面积 制冷量】 
1.5P 3500w 10-18m2 
2P 5000w 18-28m2 
3P 7200w 28-35m2 
4p/大3匹 7500w以上 35m2~50m2 
根据面积选大不选小，如有西晒,落地窗也要考虑进去。 
②**APF能效选择** 尽量选择新一级能效 
③**线控器** 标配线控器：按键非彩屏，无法连接wifi 智能线控器：有wifi模块，可手机控制 
④**内外机噪音** 对声音敏感的家人需要多考虑这一点 ???敲重点 

咨询商家这些问题别忘记问哦：
■**包多少米铜管**，超出怎么算？ 
■**开孔是否额外收费**？ 
■**是否包线控器内接电源线开槽**？不包多少钱？ 
■**有无高空作业费**？ 
■**有无水泵**？层高比较矮需要加水泵
■**有没有防漏水保护**：比如浮子开关
■**是否需要加长风口**，加长风口定制多少钱？

## 品牌 
各品牌系列型号，我并不能讲清楚它们的优劣，就不在这不懂装懂了哈。大家根据自己需求进行选择
・高档品牌：大金、三菱
・中高端品牌：海尔、格力、美的、日立
・中低端品牌：海信、奥克斯、华凌

■ 是否包含安装费 ■ 包多少米铜管，超出部分，多少/m ■ 是否包含开槽开孔，或者需要额外收费 ■ 风口包含多少米，是否需要加长风口，加长部分，多少/m （实际风口1.5m，为了整体效果美观，我个人选择了加长风口至4m，还价时就是软磨送我多余风口） ■ 是否包含线控器 ■ 是否包含布线，多少/m

![[Pasted image 20250319085448.png]]",,,,
26,26,2.4.2.1 风管机安装注意事项,24,1,1,"# 风管机安装注意事项
1、检查包装上的型号、内外机机身型号是否一致，机器外观有无磕碰变形；
![[Pasted image 20250409194017.png|430]]
2、安装要用品牌专用的辅材包；
![[Pasted image 20250409194220.png|433]]
3、冷媒铜管纯铜99.99%，壁厚0.8mm以上，不能焊接；铜管直管间隔0.8-1m安装固定管码，转弯处0.3m安装固定管码，走向横平竖直；
![[Pasted image 20250409194323.png|433]]
5、冷凝水管使用专用PVC-U管；
![[Pasted image 20250409194635.png|433]]
6、保温使用专用保温管，壁厚15mm；
![[Pasted image 20250409194801.png|433]]
7、选择合适的位置安装，不要为了省铜管装在边角，影响效果；
![[Pasted image 20250409194947.png||433]]
8、铜管折弯专用工具，不能手折；
![[Pasted image 20250409195035.png|433]]
9、冷凝水管安装要留一定坡度，方便排水；
![[Pasted image 20250409195128.png|433]]
10、内机吊装螺丝加双层螺母和减震垫，防止运行噪音；距顶部至少2cm，防止机器与楼板共振；
![[Pasted image 20250409195247.png|433]]
11、冷凝水管要留进气孔；
![[Pasted image 20250409195350.png|433]]
12、冷凝水管安装后要从排气孔加水，测试排水通畅；
![[Pasted image 20250409195435.png|433]]
13、铜管和内机衔接处用保温棉包裹、扎紧；
![[Pasted image 20250409195542.png|433]]
14、安装完成要抽真空测试20分钟以上；
![[Pasted image 20250409195717.png|433]]
15、线控器安装测试，空调开机测试；
![[Pasted image 20250409195756.png|433]]
16、打孔要用发泡胶封堵好，尤其外墙孔；
![[Pasted image 20250409195832.png|433]]
17、安装完成后包裹防尘罩，并标注出、回风口位置和尺寸；
![[Pasted image 20250409200048.png|433]]
18、其他：
1. 空调电源协调好水电预留，最好单独一路4平方的线；
2. 线控器开槽提前沟通，是否需要水电师傅开槽；
3. 线控器试机之后拆下来收好，装修完以后再联系师傅上门安装；
4. 吊顶预留出、回风口位置，吊顶完以后联系师傅上门测量尺寸定制出、回风口；
![[Pasted image 20250409200201.png|433]]",,,,
27,27,2.4.3 挂机,22,1,1,,,,,
28,28,3 全屋定制前期,1,1,1,,,,,
29,29,3.1 全屋定制知识学习,28,1,1,"# 全屋定制知识学习
1、装修决策方法：步骤一、真实需求；步骤二、如何实现；步骤三、实现方式的缺点。
2、全屋定制的两种方式：一、找全屋定制商家；二、木工现场打柜子。
3、组成：设计+板材+加工（裁切、打孔、封边）+配件（五金、石材等）+安装
4、第一种方式找商家，类似于硬装中的全包。第二种方式类似于硬装中的清包。
#### 1、设计
1、原因：为了符合房屋和物品的尺寸；符合生活习惯；符合审美要求。
2、自助规划
考虑如下：生活习惯、收纳方式、嵌入式家电以及外观风格（建议话草图，可以使用诸如「酷家乐」app）。
3、选设计师
沟通情况和实际案例两方面。
P.S. 假如自助规划可以落地很详细，可不请设计师。
#### 2、板材
1、板材（饺子）=基材（馅儿）+饰面（皮儿）
2、基材：木头?胶。区别：木头粉末、颗粒、木条还是木板以及什么品种的木头。胶的用量和品种。
3、饰面：区别：实木皮、纸皮、塑料皮贴面、刷漆、烤漆、刷木蜡油。
板材性能由基材和饰面的用料和工艺决定。
5、板材无最好，只有最适合
6、选择板材的需求维度：
- 环保性（通常胶越少越环保）。P.S. 甲醛释放等级：国标GB/T39600-2021：E1低于0.124mg/立方米。E0低于0.050mg/立方米。ENF低于0.025mg/立方米。
- 稳定性。受基材结构影响
- 握钉力。板材与钉子的摩擦力，钉的牢不牢固。会受到木材的强度、密度、硬度、弹性、纹理方向、含水率等因素影响。**看木材的结构**
- 防潮性。受木材密度和饰面防水性。
- 美观度。饰面图案，木材纹理颜色，表面加工雕刻。
- 价格。成本影响。一张板材一般1.22 x 2.44米。「如果是全屋定制商家，板材两种计算方式：展开面积和投影面积。前者更准确。投影面积的价格是展开面积的四倍」。
7、板材种类：
- 颗粒板（实木颗粒板或刨花板）：木材颗粒?胶水组成。特点：结构差，握钉力不强，不耐潮，环保不行。还是可以做到中庸水平，主要是便宜。
- 欧松板（定向结构刨花板或OSB板）：与颗粒板相似，但用料不同。大刨片?MDI胶。环保型比上一种更好，握钉力强。常用于墙面木饰面打底。价格比颗粒板略贵。
- 密度板（中纤板）：木头粉末（木纤维）?胶。用胶量大。木纤维压制便于加工雕刻，可做复杂花纹，木材结构差非常不耐潮。一般用作门板或背板。
- 多层板（实木多层板或胶合板）：木头薄片?胶。家装9-11层居多，用胶量少，物理性能好，耐潮性好。价格略贵。如用胶量大的话容易形变，用作柜体不做柜门。
- 生态板（大芯板或细木工板）：将（软木）木方粘贴成整板，上下贴一层薄木板。易加工，但物理性能较差。
- 实木板（并非一整块木板，依然是多块木板?胶合成），一般不做贴面，多数采用开放漆，刷水性或木蜡油。仅横向和纵向拼接。前者为直拼板（更好），两者都采用为指接板。
8、各种名词解释：
国标GB/T28202-2011已废除
实木：真是木材。实木板材，多块木材拼接而成
原木：原本木材。实木锯材，**一整块锯的完整木头。**
指接板和直拼板叫实木板。
但是，在GB/T28202-2020删除了一部分定义，没有原木的说法，不管原木、实木锯材实木板统称实木家具。
（小结）
板材领域：
xxx实木板、实木xx板（诸如实木颗粒板、多层实木板、生态实木板）没有任何意义，为了好听。
实木板：指接板和直拼板。
原木板：未经拼接的完整木板（市面上几乎买不到，可忽略）。
精板与素板：精板是贴好饰面的板子，素板是没有贴饰面的，或者随便一个加工厂贴的；

家居领域：
- 实木类材料：原木和实木板
- 原木家具：已无此说法，哪怕是原木做的，依旧统称实木家具。
- 实木家具：主要零部件由实木类材料做的家具。（辅材用了少量人造板材也是实木家具）
- 纯实木家具：全部无论主材和辅材都是实木制作，国标无此说法。国标只有全实木家具和覆面实木家具。
- 全实木家具：表面**未**经贴面处理的纯实木家具。
- 覆面实木家具：表面经贴面处理的纯实木家具
- 人造板家具：由人造板材制作，上述提到的六种中的前五种。
![](https://i0.hdslb.com/bfs/note/7736f7bcf79b36d60a64a86dc10ff976fd7b6c9c.png@620w_!web-note.webp)
P.S. 价格不可一概而论分地区。
颗粒板和多层板优选。
9、板材类型选择：
方案一（不推荐）：
全部颗粒板。防潮性差。
方案二（推荐）：
厨卫柜体多层板，其他用颗粒板。
方案三（推荐）：
所有柜体全部多层板，所有柜门全部颗粒板。
10、板材品牌选择：
进口：
爱格（Egger，奥地利），可丽芙（Cleaf，意大利），克诺斯邦（Kronospan，德国）等。
国产：
兔宝宝、千年舟、莫干山、露水河、大亚、大王椰、万华等。
本地品牌：
时间长有一定知名度。
11、板材厚度：
通常用18厘（毫米），若多留空间背板选择9厘（毫米），注意单位是毫米。
12、饰面
未做饰面的基材叫素板，做完饰面才可用到柜子上叫精板。
方式：贴面和涂料。
贴面：基材贴一层（三聚氰胺纸、PVC覆膜、PET吸塑和实木贴皮）上述的五种一般都贴面，最多是三聚氰胺纸，又叫免漆板。贴什么都OK，看个人喜好。
涂料：在基材做烤漆、刷漆或木蜡油。
烤漆和汽车上类似，但是贵。
13、刷漆：
清漆和混油。前者是透明油漆，后者是带颜色油漆。要保留木材原本的色泽和纹理刷清漆，否则选混油。
开放漆和封闭漆。前者是将木材原本纹理色泽露出来，后者是则是遮盖木材原本纹理色泽。P.S. 需要与清漆和混油区分开。清漆和混油是油漆，开放漆和封闭漆是工艺。
水性漆和油性漆。前者用清水稀释、更环保、主流选择，后者要用香蕉水稀释。
油漆是合成树脂为原料，干透形成一层膜。木蜡油以植物油植物蜡为原料，渗透至木材，更环保美观。
#### 3、加工
1、裁切、打孔和封边

2、封边（重点）：把侧面裸露基材封起来。
方式：
- EVA热熔：用胶量大、不环保、胶线明显、易开裂。
- **PUR热熔：与EVA相反，正在取代EVA。这个挺好，性价比高。**
- 激光：最好，价格贵。
手工现场打柜子的精度没有机器高
#### 4、配件
1、五金和台面
2、五金：铰链（合页）、衣通、拉手、滑轨、拉直器、拉栏、碗篮以及橱柜和浴室柜的水槽水龙头。影响使用，一定要问清楚价格。
品牌：
国产：东泰（推荐）、悍高、顶固、诺米等
进口：百隆（Blum，奥地利）、格拉斯（Grass）、海蒂诗（Hettich，德国）、海福乐（Hafele）、萨郦奇（Salice，意大利）等
3、台面：
只推荐石英石。不推荐不锈钢。岩板贵（冠珠?、一诺、中盛、德利丰、蒙娜丽莎，每平米2k-3k）。
4、洗菜盆：不锈钢台下盆
5、洗手盆：陶瓷一体或可丽耐一体或岩板
#### 安装
1、盯一下板材和配件是不是你选的，有没有色差，尺寸是否合适，安装完是否牢固顺畅就行了；
#### 找定制
1、想省心不想省钱的，直接索菲亚、欧派，
2、想省钱的，让老板通过自己的渠道给你做，板材配件要自己把控；
3、找全屋定制的代工厂，通过地图搜索，找到规模和口碑都不错的代工厂；搜一下”如何找到全屋定制的代工厂“；
5、找到工厂实地看：1）看数控开料机开出的每张板是不是光滑没有崩边；2）看封边，白色板的封边，够不够光滑圆润，看不到胶线；3）看工厂有没有数控六面钻；4）看有没有环保证书；
6、定制工厂、经销商、板材厂、品牌方之间的关系：
- 首先全屋定制=设计+板材+加工（裁切、打孔、封边）+配件（五金、石材等）+安装；
- 板材厂就是鲁丽、兔宝宝、千年舟这些品牌，他们只负责生产板材；
- 定制厂就是代工厂，他们负责将板材加工组装成柜子；
- 品牌方是柜子的品牌方，不是板材的品牌，他们负责在代工厂中拿货，然后贴上自己的牌子，然后设计+安装；
- 经销商是柜子品牌方的经销商；

## 全屋定制增项
![[Pasted image 20250219221349.png|433]]

1. 见光板。保证柜门和侧板的整体性，这个还是需要的。如果用普通的免漆板柜门，可以柜门柜体相同的材质，这样就不用免漆板了。
2. 免拉手。极简风格必备，又好用颜值又高，除了贵一些没毛病。
3. 挂衣杆。这个一般都会赠送，很便宜的东西，也可以在1688自购。
4. 进口铰链。根据需求升级，百隆基础款一般20块左右一个，记得让厂家减去原有铰链的差价。
5. 灯带变压器。又是一个增项大户，狠狠的砍价，或者跟他们好，定制厂家负责开槽安装，灯带变压器和开关自购即可。
6. 抽屉。一般都会免费送一些，例如每五平米送俩个。
7. 一门到顶。大多数板材的尺寸是2400，2400以下坚决不加钱。
8. 拉直器。据说拉直器用处有限，价格不低，可以考虑升级22厚板子然后不加拉直器。
9. 背板升级。感觉没必要，反而占用空间。
10. 玻璃门。增项大户，狠狠的砍。
11. 顶底封板。这些都是在投用范围内，坚决不加钱。
12. 异形、超深、超高。这些最好在设计阶段就发现，后期再改很被动，也耽误时间。",,,,
30,30,3.2 全屋定制设计,28,1,1,"# 全屋定制设计
### 全屋物品清单及收纳规划

### **玄关**

| 类型     | 物品清单                                                                                  | 说明                                                                 |
| ------ | ------------------------------------------------------------------------------------- | ------------------------------------------------------------------ |
| 鞋袜相关   | [外穿鞋]：男鞋、女鞋、童鞋<br>[家居鞋]：自用、客人用<br>鞋套、出门穿的当季袜子、鞋子护理工具、鞋拔子、换鞋凳、脏袜子收纳小框                  | 当季常穿的鞋及不常穿鞋（过季鞋、雨靴等）分开放置；外穿鞋及家居鞋分开放置<br>鞋柜层板可调节、深度结合尺寸定制、预留排气孔避免闷臭 |
| 常用外出包  | 女生常用包（2大3小）<br>男生上班电脑包（1）<br>帆布包（3）、购物纸袋（定期清理）<br>儿童包包（3）                             |                                                                    |
| 电子设备   | 监控摄像头                                                                                 |                                                                    |
| 进门消毒物品 | 小瓶酒精、小瓶次氯酸、酒精湿巾                                                                       |                                                                    |
| 出门小物件  | [防护用品]：口罩、小包纸巾、消毒用品、防晒霜、防蚊水、护手霜、墨镜（2副）、干燥雨伞<br>[钥匙]：高频随手挂、备用放抽屉或收纳盒<br>[首饰]：近期随手佩戴的首饰 |                                                                    |
| 衣帽     | [帽子]：当季帽子（1-2顶）<br>[围巾]：冬天1-2条<br>[大外套]：冬天进门随手挂（3-4件，含客人）                             |                                                                    |
| 特殊物品   | 拆快递工具<br>[应急用品]：消防口罩、求生包、电筒<br>湿雨伞：小型雨伞架（可沥水）                                         |                                                                    |
|        |                                                                                       |                                                                    |

### 厨房+岛台

| 类型  | 物品清单                                                                | 说明                                            |
| --- | ------------------------------------------------------------------- | --------------------------------------------- |
| 食品类 | [常温]：当日蔬菜、根茎类、葱姜蒜类                                                  | 放蔬菜拉篮/壁挂墙上/小推车                                |
|     | [冷藏]：鸡蛋、新鲜乳制品、水果蔬菜、酱料、剩菜等                                           | 冰箱                                            |
|     | [冷冻]：肉类、冷冻食品、雪糕点心、宝宝辅食等                                             | 冰箱                                            |
|     | 面食面粉、应急罐头、五谷杂粮、大米、常温储存牛奶、汤料干货、坚果、燕麦冲调（包括各种超级食物粉）、各种调料、婴儿奶粉          | 重的放地柜，油壶远离燃气灶、避免日晒，部分需冷藏，调料高频用的放厨房墙上、低频放柜内/冰箱 |
|     | 零食、茶叶、冲调饮料、常温水果                                                     | 岛台/餐边柜处                                       |
| 工具类 | [储存工具]：保鲜袋、保鲜膜、保鲜盒、真空泵、真空袋/盒、各种玻璃密封瓶、封口夹等                           |                                               |
|     | [备菜工具]：菜板、菜刀、打蛋器、擦丝板、过滤网勺、削皮器、手动搅蒜器、擀面棒、陶瓷烤网、锅铲、漏勺、大汤勺、料理夹、隔热手套、烤盘等 | 常用集中放水槽附近，蒸烤箱相关工具放烤箱附近                        |
|     | [锅具]：中式铁炒锅、平底煎锅、珐琅铸铁炖锅、高压锅、不锈钢汤锅（高、矮）、砂锅、奶锅、铸铁平底锅                   | 不常用的大锅具可放在厨房转角台面下收纳                           |
|     | [餐具]：碗盘、刀叉、筷子、勺子、杯子、外带保温杯、水壶、婴儿奶瓶等                                  | 常用的、不常用的、需要展示的。部分杯子勺子可放岛台                     |
|     | [清洁工具]：厨房纸、洗碗机耗材、洗洁精、小苏打、洗碗布、刷子、台面抹布等                               |                                               |
|     | [垃圾相关]：滚轮垃圾桶、垃圾袋（包括自己攒的）                                            | 垃圾桶放水槽旁台面下方                                   |
|     | [餐桌用品]：餐巾纸、隔热垫、餐垫                                                   | 岛台                                            |
| 电器  | [大电器]：蒸烤箱、冰箱、洗碗机、净水饮水设备                                             |                                               |
|     | [小电器]：豆浆机、绞肉绞菜机、榨汁机、微波炉、电饭煲、电火锅、电烤盘、婴儿餐具消毒器                         | 不常用的放吊柜高处                                     |

### 主卧洗漱台

|类型|物品清单|说明|
|---|---|---|
|个护用品|洗面奶、卸妆用品、发蜡、护发油、发绳、剃须刀、剃须泡沫、梳子、隐形眼镜护理液、隐形眼镜盒、备用卫生巾|台盆区镜柜及抽屉收纳|
|个护小家电|卷发棒、直发夹板、电吹风、水牙线、美容射频仪|预留插座，抽屉收纳|
|高频洗漱用品|牙膏、牙刷、漱口杯、牙线|放在台盆区隔板或墙上收纳|
||洗手液、手搓内衣皂、擦手帕、洗脸帕、擦脚纸巾|擦手帕、洗脸帕挂于墙壁通风处|
|清洁用品|高频使用：除水垢等小件高频清洁产品、镜面刮刀、地拖、刮水器||
||低频使用：马桶及浴室清洁消毒产品（备用品）、管道疏通剂、地面清洁剂、柠檬酸、除臭除湿用品等||
|洗浴用品|干净浴巾、洗澡换下的脏衣物收纳框|下方隔板开放收纳|
|护肤用品|面霜、身体乳、防晒霜、眼霜、各种精华、面部刮痧板等|化妆区台面及镜柜收纳|
|化妆品|化妆刷、眉笔、口红、修眉刀、香水、粉饼粉底液、高光修容、假发片、双眼皮贴等||
|首饰|戒指项链等||

### 主卧浴室

| 类型     | 物品清单             | 说明              |
| ------ | ---------------- | --------------- |
| 入厕用品   | 餐巾纸、湿巾纸、手机搁板     |                 |
| 高频清洁物品 | 马桶清洁工具产品、除臭剂、垃圾桶 | 随手用的马桶清洁用品放马桶旁边 |
| 换洗衣物   | 要换上的干净衣服放置区      |                 |
| 洗护用品   | 洗发水、护发素、沐浴露、洗浴刷  |                 |

### 客厅洗漱台

|类型|物品清单|说明|
|---|---|---|
|客人和以后小孩洗护品|洗手液、擦手帕、洗脸帕||
||牙膏、牙刷、漱口杯、牙线||
||保湿霜、护手霜||
|全屋清洁|扫地机器人|预留上下水和充电口|

### 客卫+生活阳台

| 类型     | 物品清单                                   | 说明        |
| ------ | -------------------------------------- | --------- |
| 入厕用品   | 餐巾纸、湿巾纸、手机搁板                           |           |
| 高频清洁物品 | 马桶清洁工具产品、除臭剂、垃圾桶                       |           |
| 洗衣用品   | 洗衣机、烘干机、小型壁挂内衣洗衣机                      |           |
|        | 洗衣液、消毒液、脏衣篮、折叠晾衣架                      |           |
| 全屋家政用品 | 各类清洁剂、抹布、刷子、地刮、墙刮、扫地机器人耗材及拖布、清洁手套、垃圾袋等 |           |
|        | 电器：吸尘器（含各种吸头）、除螨仪、蒸汽熨斗                 | 家政电器预留充电口 |

### 书房

| 类型      | 物品清单                                                                 | 说明           |
| ------- | -------------------------------------------------------------------- | ------------ |
| 书本杂志    | 书籍、杂志                                                                | 书柜           |
| 纪念物     | 相册、手账、纪念品等                                                           |              |
| 非重要文件   | 医院病例、纸质检查报告和片子（实物+电子储存）；家电产品说明书（电子化存储）；其他证书、卡类、纸质文件、票据等              | 书柜           |
| 办公电器    | 笔记本电脑（2）、ipad、打印机、蓝牙键盘、鼠标                                            |              |
| 摄影器材    | 微单相机（1）、微单镜头（2）、单反胶片机（1）、傻瓜胶片机（1）、DV摄像机（1）、拍立得（1）、宝丽来（1）、相机干燥剂、湿度显示器 | 部分展示、部分收纳防潮箱 |
| 画画用品及文具 | 各类画笔、各类本子和纸、颜料墨水、签字笔、尺子、打印白纸、成品画、订书机、文件夹、回形针、便利贴等                    |              |
| 小型电器    | 耳机、蓝牙音响、苹果手表、华为手表、移动硬盘                                               |              |
| 临时睡觉用品  | 可折叠地垫                                                                |              |
图中表格包含以下信息：

### 主卧

|类型|物品清单|说明|
|---|---|---|
|衣服|次净衣、净衣（包括袜子、内衣等）||
|衣物用品|粘毛滚轮、毛球修剪器、蒸汽熨斗||
|床上用品|枕头、被芯、被套、床单等||
|重要文件|各类重要证书、合同、银行卡等||
|睡前书|1-2本书||
|包包|整体包包收纳（主要是价格较贵的包包）|1-2个，可放次净衣区|
|婴儿用品|婴儿边床、尿不湿、奶嘴等（有小孩之后）||


### 客厅高柜+阳台高柜

|类型|物品清单|说明|
|---|---|---|
|医药用品|常用药、体温计、碘伏、纱布、棉签、口罩囤货等|打印医药清单，列清用法和过期日|
|生活用品囤货|纸类：卫生纸（卷筒、抽纸、小包）、湿巾纸、厨房纸、擦脚纸<br>纸尿裤、卫生巾<br>亮碟剂、洗碗粉、洗碗盐、洗碗海绵||
|电器配件|各类充电线、数据线、充电头、转换头、充电宝、手机壳、插线板等||
|缝纫工具|针线盒||
|五金工具|螺丝刀、起子、可折叠楼梯、卷尺、各类五金件||
|大件物品|婴儿车、购物推车、婴儿外出护理包<br>露营工具：登山包、露营椅、瓦斯炉、帐篷、拉框推车、电筒||
||落地电风扇||
||汽车配件：充气床垫||
||客人用的凳子（10把可折叠）||
|摄影配件|胶卷、相纸、电池、充电线、储存卡、读卡器<br>相机清洁用品、相机外带包<br>大疆稳定器、收音麦克风、补光灯、三脚架||
|运动器材|瑜伽垫、哑铃、羽毛球拍、游泳眼镜、游泳帽、游泳耳塞、攀岩粉袋||
|氛围用品|植物香氛、蜡烛、烛台、桌布、节日装饰小物||
|游乐物品|扑克、小麻将||


### 客厅

| 类型    | 物品清单                 | 说明  |
| ----- | -------------------- | --- |
| 电器及配件 | 电视                   | 隐藏线 |
|       | Switch及充电器、游戏卡、电视连接线 |     |
|       | 路由器、机顶盒、蓝牙话筒         |     |

### 儿童房

| 类型      | 物品清单    | 说明         |
| ------- | ------- | ---------- |
| 儿童衣物    | 儿童衣物    | 等有小孩以后灵活布置 |
| 儿童书籍、玩具 | 儿童书籍、玩具 |            |



### 柜子设计
**洗衣机柜**：洗烘一体+两个小洗衣机+锅炉+抽拉挂衣架；
![[Pasted image 20250409205152.png]]
![[Pasted image 20250409205339.png|500]]
**次卧室**：分段式无拉手，下方要三个抽屉，拉手位置70-90公分，打开柜门不用弯腰；
![[Pasted image 20250312224020.png|350]]
**满墙电视柜**：预留柜式空调位，非全白，黑色格+玻璃装饰；
![[Pasted image 20250315122023.png|350]]
**主卧室**：预留次净衣区，不要梳妆台；
![[Pasted image 20250315145735.png|400]]
![[Pasted image 20250315145925.png|400]]
![[Pasted image 20250315150448.png|400]]
**餐边柜**：1. 若分区域，四段优于三段，比例更显和谐。 2. 增设抽屉设计，方便收纳细碎小物品。 3. 侧板做成一体化，整体视觉更美观。 4. 操作台面高度参考图3，适配多种小家电摆放。 5. 餐边柜最好做到顶，避免顶部镂空影响美观。 6. 选择同色封边，简约又不失大气。 7. 摒弃明装长拉手，采用隐藏式拉手更显简洁。
![[Pasted image 20250315150614.png|400]]
![[Pasted image 20250317221234.png]]
![[Pasted image 20250317221420.png|300]]![[Pasted image 20250317221458.png|300]]
**儿童房榻榻米**：
![[Pasted image 20250317221920.png|300]]
![[Pasted image 20250317222926.png|300]]![[Pasted image 20250317223000.png|300]]
**书房柜**：有一个次净衣区的书柜；
![[Pasted image 20250409204456.png|500]]
**家政柜**：
![[Pasted image 20250409204045.png]]",,,,
31,31,3.3 全屋定制商家挑选,28,1,1,"# 全屋定制商家挑选
### 1. 定制工厂、经销商、板材厂、品牌方之间的关系：
- 首先，全屋定制 = 设计+板材+加工（裁切、打孔、封边）+配件（五金、石材等）+安装；
- 板材厂就是鲁丽、兔宝宝、千年舟这些品牌，他们只负责生产板材；
- 定制厂就是代工厂，他们负责去板材厂买板子，然后将板材封边等，加工组装成柜子；
- 品牌方是柜子的品牌方，不是板材的品牌，他们负责在定制代工厂中拿货，然后贴上自己的牌子，然后设计+找外包安装；
- 经销商分柜子品牌方的经销商，和板材厂的经销商；
### 2. 去工厂
1、找全屋定制的代工厂，通过地图搜索，找到规模和口碑都不错的代工厂；搜一下”如何找到全屋定制的代工厂“；
2、找到工厂实地看：
1）看数控开料机开出的每张板是不是光滑没有崩边；
2）看封边，白色板的封边，够不够光滑圆润，看不到胶线；
3）看工厂有没有数控六面钻；
4）看有没有环保证书；


## 3. 去商家调研
1. 衣柜柜门、柜体、背板厚度多少；**答**：背板至少应为9mm，低于此标准的一律拒绝。了解加厚的费用及收费标准。柜体一般18mm，柜门一般22mm；
2. 衣柜面积计算方式？内部隔板有限制吗？能不能做活动层板；**答**：一般按投影面积计算较为划算，问清楚内部隔板数量是否有限制，超出如何收费。
3. 抽屉如何赠送，超出如何计算；**答**：一般是单独计费，问清楚抽屉是否有赠送，超出数量多少钱一个。
4. 五金件品牌，包含种类，升级费用；**答**：问清楚包含的具体种类、数量和品牌。升级选项及收费。注意进口五金件真假。
5. 功能五金如反弹器、拉篮、裤架如何收费；
6. 拉直器多少钱；**答**：一门到顶的柜子需要拉直器，确认板材高度，是否需要安装拉直器及费用和质保期限。
7. 是否标配拉手、挂衣杆；**答**：问清标配拉手的样式及更换的费用。
8. 隐形拉手是否收费；**答**：问清是否支持隐形拉手设计及费用，计价方式是米还是根。
9. 灯带如何收费；**答**：问清楚灯带的收费方式，变压器和开关是否有额外费用，开关方式。
10. 见光板如何收费；**答**：问清见光板的收费标准。
11. 顶封板如何算；**答**：确认顶封板的收费标准，是按柜体还是柜门收费。
12. 封边工艺；**答**：问清楚封边工艺用的哪种，能用PUR的就不用EVA。
13. 柜子尺寸如何算超深，怎么收费；**答**：衣柜深度通常是60cm，餐边柜和电视柜深度通常是35cm，柜子高度通常是2米4，超高超深可能涉及额外费用。
14. L形转角柜如何计算；**答**：问清楚L形转角柜如何测量计算面积，是否存在重复计算情况。
15. 特殊工艺如弧形如何收费，几米算超高，如何收费；**答**：特殊造型、特殊拼接等可能需要额外费用，确认收费标准。像弧形这种
16. 收口条收费吗；**答**：问清楚收口条怎么收费的，容易被重复收费。
17. 特殊工艺的花色有哪些，如何收费；**答**：可能需要收费，确认哪花色收费及收费标准。
18. 玻璃门如何收费；
19. 全屋定制周期；**答**：通常为35-50天，明确定制和安装时间及逾期赔偿标准。
20. 安装和运输费；**答**：并非所有商家包含，明确这些费用是否包含。
21. 甲醛超标怎么办；
22. 质保；**答**：确认售后质保期限及超出质保期后的维修费用如何计算。
23. 有哪些板材；
24. 这些板材价格是多少；",,,,
32,32,4 电器前期挑选,1,1,1,,,,,
33,33,4.1 嵌入式家电设计,32,1,1,"# 嵌入式家电设计
嵌入式家电类型：1、冰箱；2、洗碗机；3、蒸烤箱；4、扫地机；5、洗衣机/烘干机；6、集成灶；7、净饮机；
在做嵌入式电器前，要考虑好以下5点。?????? 
? 需要嵌入的电器，水电进场前选好，方便水电定位和橱柜定制。?? 
![[Pasted image 20250531095925.png|343]]
? 选购前置或底部散热的内嵌型电器。 如果是侧面和后面散热，电器和柜体要保持一定的散热距离，还要考虑用抗高温、抗变形的板材。?? 先判断“严格嵌入式”还是“兼容嵌入式” ?严格嵌入式家电?（如真嵌入式冰箱）：需要完全嵌入柜体！要定制匹配尺寸并预留散热通道?。
![[Pasted image 20250531100008.png|343]]![[Pasted image 20250531114312.png|343]]
? 跟定制柜设计师沟通。沟通内容一是尺寸，二是电源位置，?弄错哪个都翻车。?? 
![[Pasted image 20250531100034.png|343]]
? 安装嵌入式电器的过道宽度≥电器开门尺寸+人站立尺寸。?? 
![[Pasted image 20250531100059.png|343]]
? 嵌入电器的电源，装在顶面、侧面的柜子里都可以。如果安装在后方，就用嵌入式插座，这样就不会突出一大截
![[Pasted image 20250531100120.png|343]]",,,,
34,34,5 硬装修过程,1,1,1,,,,,
35,35,5.1 打拆与新建,34,1,1,,,,,
36,36,5.1.1 打拆注意事项,35,1,1,"# 打拆注意事项
1??**垃圾清运**：物业或装修公司或自己找车清运，报价谁便宜找谁 
2??先双面**激光定位**/弹线，双面切割后再敲除，确保拆除墙面平整不影响周围墙体
3??砸墙时需将各类**下水管进行保护**避免建筑垃圾堵塞下水道，验收时要检查下水道
4??拆改时敲坏的**墙地需修补**后进行下一步施工
5??全屋顶面若有空鼓，面积不超过5平方厘米及空鼓不超过2处可以不处理，反之需敲除后进行处理再施工
6??全屋**外墙保温层铲除**，包含铲除保温材料胶皮层需将底层粘结砂浆铲除干净，若有突出部分钢筋需要处理平整
7??如果做地暖建议**地面保温层不铲**直接水电开凿埋管，保温效果更好但牺牲层高，不吊顶影响不大但若同时做地暖和无主灯吊顶那就铲掉地面保温层 
8??全房**铲除白灰层**到水泥砂浆层，露沙率至少75%铲除后墙面需用水冲洗
9??全屋均为红砖墙 视具体情况而定，怕楼板承重不够，可红砖和轻质砖或多孔砖搭配，不少于三排红砖打底，上下错缝灰浆饱满 
1??0??砖必须先浇水防止砖吸走砂浆的水分 
1??1??水泥强度等级为32.5R或42.5R，水泥生产日期在三个月内 
1??2??若是多孔砖单天砌筑不要超过1.5米高；若使用轻体砖可以砌高点但也不要一次砌到顶；也要分两天完成
1??3??新墙顶为红砖蜈蚣角工艺
1??4??新旧墙体之间需植入钢筋（植入深度10公分以上，直径1公分以上，钢筋长度60公分以上，钢筋折弯钩，用植筋胶固定）每面墙每隔50-60公分需要植筋（120墙植入1道240墙植入2道）
1??5??新旧墙体马牙槎，门边马牙槎 （可做也可不做，看施工方有无这工艺，大多没有）
1??6??砌墙门洞上方浇筑横梁，两侧进墙距离不小于20公分（具体多少现场情况定）
1??7??厨房卫生间地面新砌墙体浇筑防水地梁（止水梁）高度20-30cm，与沉箱高度一致 
1??8??新建墙体双面均挂钢丝网，新旧墙体交界处也要挂网，挂到旧墙至少12公分 
1??9??新砌墙体挂钢丝网后抹灰，抹灰后墙体需洒水养护3天 
2??0??嵌入式踢脚线在窗台所在的墙面高度需与窗台一致 
2??1??包烟管：红砖包烟管或挂M钢丝网，防后期烟管的瓷砖开裂掉砖（红砖包烟管很占体积，厨房空间不够就挂M钢丝网但不能在烟道上打钉子，以防后期跑烟）",,,,
37,37,5.1.2 新建墙体注意事项,35,1,1,"# 新建墙体注意事项
一、建墙前，需要设计师跟项目经理核对图纸后现场跟建墙师傅现场交底，精准新建墙体长宽高的尺寸。
二、材料检查： 
1、红砖：无碎砖，砖块完整 
2、沙子：观看是否细腻，放在掌心揉搓，看是否留下明显污渍，是否松软 
3、水泥：检查生产日期是否在3个月内，不能超过3个月，不能有大面积结块
三、注意事项
1、用激光水平仪进行弹线定位，确定好砌墙位置，挂上垂直线。
1、砌墙前一天要将红砖洒水浸湿，因为干的红砖会吸取水泥的水分，降低了粘结力，导致墙的硬度下降。
2、卫生间、厨房砌墙做防水地梁，地梁高度不应小于15cm。
3、新旧墙体的交界处，每隔50-60厘米的高度植入钢筋，钢筋入墙>7cm，红砖交错放置，充分抹灰，不能透光。（灰缝饱满，不露光）
4、门洞顶部过梁要安水泥过梁且内置钢筋，>10厘米厚，并且门过梁两侧进墙不低于15cm。
5、快砌到顶的时候，隔1-2天等砂浆干透后再封顶，否则重力作用下会沉降，容易开裂，封顶要用红砖 60°斜砌(蜈蚣角收口)。
6、新旧墙体交界处一定要挂钢丝网，旧墙体需要铲除10cm抹灰层再进行挂网，防止开裂。 
7、墙面抹灰前提前洒水湿透，再粉刷砂浆。！！！ 墙体粉刷完12小时以后连续三天洒水养护！！！！
8、砌完后要用检测尺靠平整度，缝隙不大于5毫米。
9、用红外线检测仪，检测垂直度，偏差不大于5毫米
10、要用“工”字法砌砖，砖缝要均衡，砂浆要饱满，不漏光。
四、验收标准： 
1、利用水平仪、靠尺检查墙体垂直度，阴阳角是否为90度 
2、查看红砖之间是否漏光，抹灰是否充分

![[Pasted image 20250310232415.png]]
![[Pasted image 20250310232645.png]]
![[Pasted image 20250310232702.png]]
![[Pasted image 20250310232424.png]]
![[Pasted image 20250310232738.png]]
![[Pasted image 20250310232429.png]]
![[Pasted image 20250310232435.png]]
![[Pasted image 20250310232439.png]]
![[Pasted image 20250310232444.png]]
![[Pasted image 20250310232448.png]]",,,,
38,38,5.2 水电,34,1,1,,,,,
39,39,5.2.1 水电设计,38,1,1,"# 水电设计
## 易漏点位
1、入户门上方一个：摄像头；
2、鞋柜中间一个：指纹锁充电；
3、鞋柜下方一个：烘鞋器；
4、燃气箱上方一个：燃气报警器；
5、厨房墙面多个：各种电器；
6、洗菜盆下方3个：洗碗机、净水器、垃圾处理器；
7、冰箱上方一个：零嵌入冰箱要插在上方，不要留在下面或侧面；
8、餐桌附近两个4平方：火锅；
9、餐边柜一个：轨道插座；
10、沙发上方一个：投影仪；
11、沙发侧面两个：充电等；
12、电视墙5个+1个网线插座：电视、机顶盒、wifi、音响等；
13、床头两边各俩：充电；
14、窗帘盒一个；
15、梳妆台2个；
16、床尾一个：电蚊香；
17、镜柜内两个：吹风机、剃须刀、电动牙刷充电；
18、镜柜旁两个：吹风机等；
19、马桶旁一个：智能马桶；
20、阳台或洗手台柜内1个：扫地机；
21、生活阳台4个：洗烘套装、三个洗衣机；
22、弱电箱内一个：光猫、路由器用；

## 水路
1、厨房与卫生间热水器管子；
2、浴室柜进水与排水管；
3、卫生间排水管；
4、阳台洗衣机进水排水管；
## 全屋电点位设计
1、客厅：
![[Pasted image 20250301104733.png]]
![[Pasted image 20250312222732.png|350]]
![[Pasted image 20250312222758.png]]
![[Pasted image 20250312222812.png]]
![[Pasted image 20250312222821.png]]
![[Pasted image 20250312222833.png]]
![[Pasted image 20250312222847.png]]",,,,
40,40,5.2.2 水单交底,38,1,1,"# 水电交底
??水电交底谁需要来？
1?? 设计师、工长、水电工
2?? 橱柜厂家
3?? 窗户、暖气、燃气热水器、定制厂家、新风厂家
?
?? 水电交底需要确认什么内容？
?
1?? 插座：
提前确定好全屋的家电清单
确认全屋的插座数量、位置和高度是否合适
?
2?? 灯、开关：
确定每个房间的灯位
是否需要智能灯泡、要不要灯带等等
以及确定开关控制方式（双开or单开）
?
3?? 水路：
确定水路规划以及用水方式
电热水器、燃气热水器or壁挂炉
需不需要小厨宝、需不需要净水装备等
?
4?? 新风、中央空调：
是不是要装中央空调和新风
空调孔的位置是不是需要变动
装新风是否需要重新打孔，有哪些位置可以打孔？
?
5?? 暖气
是否需要铺设地暖or重新更换暖气片
?
??水电交底的分工：
?
1?? 业主：
和设计师确定电位、水位、开关、灯具设计图
需要预埋的设备提前到场，如暗装式花洒
确定需要留电位、水位的电器，例如净水机、带上下水的扫地机器人等
确定家电的大致尺寸和摆放位置
是否需要安装地暖、新风、中央空调等
?
2?? 设计师
提供施工图
和业主确定各项需求
?
3?? 工长
评估方案实施可能性
标注电位

## 施工交底
验收标准
1、对照水电定位表格，检查开关插座数量是否有遗漏，检查电线、电管、水管的品牌是否和报价单一致。
2、看开槽。墙面尽量不开横槽，特别是承重墙。
3、看强弱电交叉处，是否有锡箔纸。
4、看底盒，电线线管和底盒连接处要有锁母，底盒里预留15mm线，做好绝缘处理并卷入盒内。
5、线管60-70公分需要设置管卡固定，转角处20-30公分设置管卡。
6、检查线管之间距离，确保均匀。
7、灯线出管要做打弯处理，防止线路回缩。
8、看冷热水管距离15公分，保持水平，左热右冷。
9、检查所有预埋管道是否有遗漏。
10、核对水电走法。
11、看穿管线数量，单根穿线管2.5平，不超过6根，4平方不超过3根。
12、水管电线不能同槽，水电相遇，电上水下。
13、大功率电器设置单独回路。
14、检查地漏个数。
15、打压测试30分钟。


水电施工要求
1、水电施工一定要一遍过，后期只会越改越差，所以切忌切忌切忌返工！
2、按照水电施工图进行施工，灯位、开关位、插座位不要出错。
3、全屋水电走地、地面不需要开槽、墙面不能开大横槽
4、我的预算有限，全屋水电布线点对点，合规安全即可
5、我家客厅是悬空电视柜，辛苦电视机后面预埋50管，隐藏电视线
6、冰箱、全屋灯光、空调走单独电路，方便我出差时一键断电。
7、全屋灯具用1.5平电线，插座用2.5平电线，餐桌的插座用4平电线。
8、冷热水管可以同槽，不用刻意保持距离，但是淋浴房龙头一定要间隔15cm，水平对齐
9、水管安装好，需要通知水管厂家上门来做水路打压实验。
10、强弱电相交处记得用锡箔纸包裹，以防后期入住信号互相干扰。
11、我家浴室柜做墙排，方便后期打扫也美观；",,,,
41,41,5.2.3 水单材料验收,38,1,1,"# 水电材料验收
1. 对照送货单或合同，一项项检查水电材料的品牌、型号和数量。
2. 检查电线是否用国标阻燃bv线，ZC-BV就是阻燃BV线，尽量不用多芯软线（BVR线），阻燃等级ZA＞ZB＞ZC＝ZR，核对生产日期，3年内为宜。
3. 检查穿线管，红色穿强电，蓝色穿弱电，材质认准pvc阻燃管。
4. 检查水管是否两头有原装盖子盖住，防止管道进灰尘。
5. 检查水管是否PPR材质的，管子要用三层纳米抗菌管，黄色部分是抗菌层，不易滋生细菌。
6. 水管的配件也千万不能省，都要用同品牌，不然厂家不会给你质保！
7. 水管弯头有直弯和弧弯，建议用弧弯，流水更顺畅一些。
8. 检查有没有配花洒连体内丝，后期安装花洒更方便。
9. 检查86底盒有没有配锁母，底盒配锁母之后，穿线不容易损坏电线绝缘层。
10. 检查86底盒有没有配盖板，如果没有要补上，防止封槽时水泥砂浆浸入底盒。
![[Pasted image 20250302224912.png]]
![[Pasted image 20250302225238.png]]
![[Pasted image 20250302224921.png]]
![[Pasted image 20250302224931.png]]
![[Pasted image 20250302225524.png]]
![[Pasted image 20250302225020.png]]
![[Pasted image 20250302225028.png]]
![[Pasted image 20250302225042.png]]
![[Pasted image 20250302225052.png]]
![[Pasted image 20250302225125.png]]
![[Pasted image 20250302225150.png]]
![[Pasted image 20250302225638.png]]
![[Pasted image 20250302225159.png]]
![[Pasted image 20250302225702.png]]![[Pasted image 20250302225715.png]]
![[Pasted image 20250302225727.png]]",,,,
42,42,5.2.4 水电施工过程监工与验收,38,1,1,"# 水电施工过程监工验收
## 监工
1. 检查电线是否用国标阻燃bv线，ZC-BV就是阻燃BV线，尽量不用多芯软线（BVR线），阻燃等级ZA＞ZB＞ZC＝ZR，核对生产日期，3年内为宜。
2. 检查水管是否PPR材质的，管子要用三层纳米抗菌管，黄色部分是抗菌层，不易滋生细菌。
3. 盯冷热水管距离，分开10~15cm合适；
4. 盯穿线管电线数量，一根管子3根左右；
5. 盯承重墙开槽，国家标准不能开横槽，其他墙也少开横槽；
6. 盯强弱电线交叉处，要包锡纸；
7. 盯强弱电是否同槽，不要同槽，且转弯处最好有弧度，方便日后换线能抽出来；
8. 盯水管连接处是否双眼皮连接，不要熔接；
![[Pasted image 20250302231320.png]]
![[Pasted image 20250302230952.png]]
![[Pasted image 20250302231259.png]]
![[Pasted image 20250302231304.png]]
![[Pasted image 20250302231312.png]]
![[Pasted image 20250302231326.png]]
![[Pasted image 20250302231331.png]]
## 验收
1.对照图纸检查 对照水电定位表，依次检查点位、开关、上下水等，确保施工无遗漏。 
2.墙面开槽情况 墙面是否大部分都开竖槽？ 横向开槽标准：混凝土墙面不超过30cm，非混凝土墙面不超过50cm。
3.核对家用电线平方数
4.大功率电器单独回路 冰箱、空调、监控等单独设置回路。 
5.强弱电箱标准 强电箱离地高度1.6-1.8米左右，弱电箱高度0.5米左右。强弱电箱间距50公分以上，防止相互干扰。弱电箱里预留电源，后期给光猫和路由器供电。
6.强弱电分管分槽 强弱电需分管分槽，所有管线水平定位。一般红管为强电，蓝管为弱电。 
7.线管设置管卡固定 强弱电交界处包锡箔纸，防止信号干扰。转角处30-30cm设置管卡，每60-80cm设置管卡固定。 
8.管线间距 管道与管道之间预留1cm以上的距离。线管间距要均匀，方便后期贴砖和找平时水泥砂浆能够渗透进去，防止今后瓷砖空鼓开裂。 
9.线盒穿线标准 电线线管和底盒连接处要有锁母。16管内穿电线不多于3根，20管不多于4根。穿线管内不能出现接头，线盒接头处必须用绝缘胶带包好并卷入盒内。 
10.每个房间预留六类网线 要做全屋智能的检查开关盒里是否多留一根零线，方便后期做全屋wifi 
11.热水管需包保温棉 热水管和回水管需包保温棉，防止生成冷凝水。顶面水管要用吊卡固定，间距不能大于80cm。 
12.灯线处理 灯线出管后要做打弯处理，防止电线回缩，同时检查灯位是否预留正确。 
13.预埋50管 
14.花洒冷热水口 水平垂直间距15cm。 
15.卫生间排水管 是否有做走水坡度、防臭存水等。 
16.打压测试 水压定在0.8-1之间，测试时间30分钟，水压下降小于0.1即为正常，大于0.1重新检查。 
17.全屋水电拍照留底",,,,
43,43,5.3 木工,34,1,1,,,,,
44,44,5.3.1 木工交底,43,1,1,"1、影响的商家：定制、风管机或中央空调、窗帘、推拉门；
2、吊顶对定制影响点：所有衣柜上方都需吊10cm以上的顶，用于放阴角线，同时，窗台上若有梁的话，吊顶要考虑需不需要与梁齐平，如果齐平的话，柜子会比较矮，而如果不齐平，则柜子会成为高低柜；
3、吊顶对风管机或中央空调影响点：风管机出风口的高度若小于10cm，则由于阴角线的高度为10cm，导致阴角线会遮挡出风口，所以需要将风管机下吊一点；
5、木工窗帘盒对窗帘影响点：窗帘盒下吊高度至少16cm，否则遮光效果不佳；同时，若安装电动窗帘，且窗帘为两层，窗帘盒离墙间距需为20-25cm，若不安装电动窗帘，则为15-20cm；
6、门梁吊顶对推拉门的影响点：由于我们将厨房墙全拆了重建，所以厨房门那里需要吊一个假梁下来 安装推拉门，而推拉门的样式决定了假梁应该怎么安装，双轨推拉门厚度多厚决定了假梁的厚度，侧墙转角想做弧形阳角决定了是否需要假梁做厚，向厨房内推一点；推拉门顶面轨道是否做隐藏式，决定了假梁是否做一个凹槽，要决定凹槽的宽度和深度；",,,,
45,45,5.3.2 吊顶施工过程注意事项,43,1,1,"# 吊顶施工过程注意事项
1、**不要普通石膏板**，要选绿色（防水）或粉色（防火）或蓝色（防潮）或灰色（硬度高）；
![[Pasted image 20250422222407.png|343]]
2、**衣柜上方吊小平顶**，方便后期做双眼皮或贴石膏线，而且衣柜顶面没有缝隙；
![[Pasted image 20250422222540.png|343]]
3、**空调加长出风口**，装中央空调做加长出风口更高级大气，一定一定要提前确定好出风口尺寸，两边各留出8-10公分，刷黑漆，整体比例更好看；出风口要用欧松板做加固处理；
![[Pasted image 20250422223001.png|321]]![[Pasted image 20250422223738.png|321]]
4、吊顶拐角处用整板，拐角处不要做拼接，后期容易开裂，用整板做L型切割，避免开裂；转角位置特别加固，因为它是受力集中点，特别容易开裂
![[Pasted image 20250422223136.png|321]]![[Pasted image 20250422224129.png|321]]
5、**石膏板拼接做V型槽**，拼接处做V型槽，填满石膏减少开裂；
![[Pasted image 20250422223238.png|343]]
6、石膏板上下接缝处，不能对缝，要错开拼接；
![[Pasted image 20250422223601.png|343]]
7、石膏板底板要托住侧板；
![[Pasted image 20250422223637.png|343]]
8、石膏板上要用防锈钉；或涂防锈漆；弹线打钉子，确保每颗钉子都落在龙骨上，受力均匀；
![[Pasted image 20250422223901.png|321]]![[Pasted image 20250422223954.png|321]]
9、用轻钢龙骨；吊顶龙骨，选轻钢材质，防潮防火又抗老化，又不会不变形；主龙骨间距800-1200mm；
![[Pasted image 20250422225952.png|321]]
10、窗帘盒用欧松板打底，再双封石膏板；留够双轨窗帘盒宽度；
![[Pasted image 20250422224502.png|321]]
11、木工吊顶开筒灯，注意开筒灯的尺寸，射灯间距：90-120cm，离两边墙距离：15cm，开孔大小7.5cm；
![[Pasted image 20250422224651.png|321]]
12、用双层石膏板，或者用欧松板打底；吊顶侧板用欧松板；
![[Pasted image 20250422225112.png|321]]![[Pasted image 20250422225856.png|321]]",,,,
46,46,5.4 瓦工,34,1,1,,,,,
47,47,5.4.1 回填与防水,46,1,1,,,,,
48,48,5.4.1.1卫生间防水与回填,47,1,1,"## 卫生间防水及回填注意事项
1、底部第一次防水 
- 卫生间给水、排水改造完后，应先用堵漏王对沉箱底部墙地面交界处涂刷，确保阴角拐角无漏点。同时确认沉箱墙地面无空鼓、无缺失；
![[Pasted image 20250621110014.png|343]]
- 而后应当对沉箱底部地面做第一遍防水，然后往墙上返30-40cm高，保证后期水分不会渗透到墙体。
![[Pasted image 20250621105527.png|343]]
2、第一次闭水试验 
待底部第一遍防水干透后，需蓄水进行24小时闭水试验，确保无渗漏。 
![[Pasted image 20250621110214.png|343]]
3、红砖分格砌筑 
用红砖按格子状区域砌筑，这样做的目的是防止后期沉降。 
![[Pasted image 20250621105324.png|343]]
4、填充陶粒 
陶粒内部呈细密蜂窝状，具有轻质坚硬、隔水保气功能。在每个格子内用陶粒紧密填充，做到填充到位。 
5、加布钢筋 
红砖方格内填充陶粒后，应横竖加布钢筋，以保证后期水泥找平层的牢固度和受力均匀。
![[Pasted image 20250621105342.png|343]]
6、水泥找平 
钢筋加布完毕，应用水泥砂浆找平。水泥砂浆标号不能太低，容易起沙；但也不能太高，避免开裂。 
![[Pasted image 20250621110245.png|343]]
7、面部第二次防水 
找平层干透后，应进行二次防水涂刷。墙地面各涂2遍，墙面保证1.8米高，阴角处、下水管根部着重处理一下。 
![[Pasted image 20250621110349.png|343]]
8、第二次闭水试验 
面部二次防水层干透后，应再蓄水再做至少24小时闭水试验，确保无渗漏。 

9、做防水保护层
防水验收合格后，用水泥砂浆做一层保护，避免后期施工破坏防水层。
![[Pasted image 20250621111026.png|343]]
10、墙面拉毛
卫生间、厨房、阳台等墙面处做了防水，一定要做拉毛处理，避免空鼓和掉砖；
![[Pasted image 20250621111035.png|343]]
下沉式卫生间如果回填不规范，防水没做好的话，后期使用过程中极易容易出现沉降、渗水，而且返工修复相当麻烦，维修费用也巨大。所以提醒各位业主朋友，不要贪图一时省事便宜，到头来苦不堪言！另外如果是找施工队装修的，卫生间回填时尽可能多去现场看看，或者要求施工队全程拍照录像，以备查看。 总的来说，下沉式卫生间回填是一项严谨细致的施工步骤，必须规范施工，细节处理到位，这样才能保证后期我们日常生活不受渗水困扰，避免造成更大损失！",,,,
50,50,5.4.2 瓷砖,46,1,1,,,,,
51,51,5.4.2.1 瓷砖施工前交底,50,1,1,"1、得到排版图（瓷砖商家提供，或设计师提供）
![[Pasted image 20250525165802.png|343]]
2、留纸壳，地砖贴好后保护地砖；但装修公司一般会保护；
![[Pasted image 20250525165810.png|343]]
3、瓷砖通铺，不要过门石，不要切割；
![[Pasted image 20250525165830.png|343]]
4、阳角：海棠角；
![[Pasted image 20250525165845.png|343]]
5、如果用手摸一下瓷砖背面有白色粉状脱模剂，需要清理；
![[Pasted image 20250525165856.png|343]]
6、刨窗口，提前让瓦工用电锤把窗口刨一下，后期包窗口好施工；
![[Pasted image 20250525165905.png|343]]
7、及时清理：铺完砖及时清理瓷砖表面水泥残留，并做好清缝工作；
![[Pasted image 20250525165941.png|343]]
8、用水平仪：卫生间铺砖，用水平仪找好坡度；
![[Pasted image 20250525165958.png|343]]
9、墙地要对缝；
![[Pasted image 20250525170500.png|343]]
10、厨房可适当用杂砖，因为大部分地方都被橱柜挡住了；
![[Pasted image 20250525170513.png|343]]
11、止逆阀要用一整面瓷砖贴上；
![[Pasted image 20250525170522.png|343]]
12、厨房墙砖要规方找平，后期可做无挡水条台面；
![[Pasted image 20250525170532.png|343]]
13、橱柜台面与厨房窗口尽量齐平，窗口贴砖前可刨一下窗口；
![[Pasted image 20250525170546.png|343]]
14、用开孔器做水电孔；
![[Pasted image 20250525170613.png|343]]
15、做回字形地漏；
![[Pasted image 20250525170626.png|343]]
16、卫生间做单包套；
![[Pasted image 20250525170655.png|343]]
17、卫生间淋浴区一般要做下沉；
![[Pasted image 20250530090751.png|343]]",,,,
52,52,5.4.2.2 瓷砖材料验收,50,1,1,"1、看”生产地址“，是广东的才是广东砖，只写“地址”、“营销地址”或“公司地址”很可能是贴牌砖；
![[Pasted image 20250508223748.png|343]]
2、看生产执行标准，附录G是全瓷砖，吸水率<0.5%，附录H是半瓷砖，0.5% < 吸水率 < 3%；附录H不宜用于地面铺贴，后期入住拖地可能有鱼腥味；
![[Pasted image 20250508223807.png|343]]
3、
![[Pasted image 20250508223834.png|343]]
4、
![[Pasted image 20250508223856.png|343]]
5、
![[Pasted image 20250508223919.png|343]]
6、胚底如果有白色脱模剂，要刷干净；
![[Pasted image 20250508223937.png|343]]
7、清点数量，看能否与合同对上（若为装修公司则可不数），检查瓷砖边角是否有磕碰；
![[Pasted image 20250508223954.png|343]]
8、开箱抽检平整度，两块砖平铺在一个水平面上，看是否平整，不要有一条一条的棍棒印；
![[Pasted image 20250508224018.png|343]]
9、砖与砖之间缝隙为2mm，用十字卡扣来确定缝隙大小；
![[Pasted image 20250508224050.png|343]]",,,,
53,53,5.4.2.3 瓷砖施工过程监工,50,1,1,,,,,
54,54,5.4.2.4 瓷砖验收,50,1,1,1、在做保护前进行瓷砖验收，这样才能看到瓷砖铺贴的问题，做完保护后，就看不到了，有可能工人为了掩盖问题，就会对有问题的地方提前进行保护；,,,,
55,55,5.4.2 美缝,46,1,1,,,,,
56,56,5.4.3.1 美缝材料知识,55,1,1,"# 美缝材料知识
美缝、环氧、聚脲、彩砂、水性、油性、氢化各种术语；
![[Pasted image 20250608001159.png|533]]
![[Pasted image 20250608001547.png|533]]
1、美缝剂
水泥石灰为主原料，一般只是起到简单隔水效果，不耐磨不防霉，容易粉化，时间久了会变脏不好清理，价格便宜，不建议留大缝做???♀?
原料：白水泥
优点：颜色多/施工简单
缺点：耐用性不强/只能填缝时间长了容易开裂脱落
![[Pasted image 20250602115256.png|343]]
2、环氧彩砂
原料：环氧树脂+固化剂
优点：硬度高/平缝效果好颗粒感强/不易磨损
缺点：不耐黄变容易变色/抗污差需要经常清理缝隙和瓷砖
分类：
![[Pasted image 20250602115309.png]]
3、氢化美缝
原料：氢化环氧树脂+固化剂
优点：环氧彩砂加氢/较强耐黄变使用效果好/比环氧耐用
缺点：耐黄变升级但仍然是环氧材料，比环氧好但比聚脲差
![[Pasted image 20250602115318.png]]
4、聚脲美缝
原料：天冬聚脲+固化剂
优点：0级耐黄变/经久使用不变色防污防霉/防刮耐磨/绿色环保
缺点：价格略高/施工难
![[Pasted image 20250602115324.png]]",,,,
57,57,5.4.3.2 美缝怎么选,55,1,1,"1、亮面瓷砖选择“木性美缝剂”，哑光砖选择“聚脲美缝剂”；
![[Pasted image 20250602114918.png|343]]
2、卫生间要选防水性好的“环氧彩砂”，不选容易开裂脱落的”美缝剂“；
![[Pasted image 20250602114925.png|343]]
3、
![[Pasted image 20250602114932.png]]
4、
![[Pasted image 20250602114940.png]]
5、
![[Pasted image 20250602114948.png]]
6、
![[Pasted image 20250602114957.png]]

![[Pasted image 20250602114908.png]]",,,,
58,58,5.5 油工,34,1,1,,,,,
59,59,5.5.1 油工施工前交底,58,1,1,"# 油工施工前交底
1、**墙体检查**：油工进场前，务必和油工一起检查自家墙体质量；

2、**垂平或顺平**：墙面平整度误差大，并且要做柜子和要做射灯的地方，建议做垂平，如果平整度较好，就做顺平就行了；

3、**顶面顺平**：无论是否做无主灯，顶面都只能做顺平，并且一定要求师傅打磨平整，无波浪纹；

4、**界面剂**：绝对不要黄墙绿地，黄墙绿地只是加了颜料的胶水；界面剂和水按照1:3的比例调配后，刷或者喷涂上墙；

5、**腻子**：家装大范围内用一般腻子就够了，卫生间和其他特别潮湿的地方，用水泥基耐水腻子；

6、**挂网**：挂网可以预防墙面龟裂，但是楼体沉降导致的开裂，任何方法都无法防止；更推荐全屋挂网，做所谓的“局部挂网”其实也不差全屋多少地方了；特别是水电线槽处、吊顶接缝处、墙面开裂的地方，必须挂网再批腻子；

7、**打磨**：交底时要跟师傅交代好家里的灯位，如果不是事先明确要做冲筋找平，用手机或手电筒验收即可，不必追求强光验收；

8、**阴阳角条**：全屋的阴阳角，吊顶的阴阳角都要用阴阳角条加固；施工时必须要用红外线找出垂平；

9、**底漆面漆**：要刷底漆，1遍底漆+2遍面漆；

10、**踢脚线找直**：距离地面300mm高踢脚线位置靠尺找顺直(2米靠尺无缝隙)，刮到底；

11、**门洞边垂直**：门洞边墙面垂直，墙体厚薄一致；门洞两边要在同一水平线上，不然一边的门套上有缝隙；

12、**形象卫生**：施工时掉落地面的石膏腻子及时清理；每遍施工下班前线盒修方正，无爆边，防止被覆盖和后面水电安装破坏；门洞、风口、灯孔等收边收口不留余灰毛刺，干净齐平；

13、**验收时间**：两遍腻子批完后要验收一次，看看哪些地方不平，这个时候找平，不然乳胶漆刷上去了之后再返工就会特别丑；

14、**颗粒感**：乳胶漆如果刷颗粒感，提前备滚筒；",,,,
60,60,5.5.2 油工材料验收,58,1,1,"# 油工材料验收
没做好油工材料验收的业主，98%家里都会各种毒气超标；
1、各种胶水，通通不让进门，油工是最喜欢用胶水的工种，加了胶水，他们干活会轻松十倍，但对你家来说却百害而无一利；
![[Pasted image 20250615112751.png]]
2、腻子粉一定要看检测报告，不是说南方就要用耐水腻子，耐水腻子一般很容易苯系物超标，卫生间等地方用就行了，用也要用环保更好，耐水更强的水泥基耐水腻子；家里其他地方用一般腻子就行了；
![[Pasted image 20250615113155.png]]
3、嵌缝石膏要用柔韧性好的，可以加乳液增加柔韧性；
![[Pasted image 20250615113541.png]]
4、阴阳角条要选克重高，韧性好的，把它绕几圈，开裂的就是差的；韧性不够高，就承受不了撞击；
![[Pasted image 20250615113823.png]]
5、用国标界面剂，黄墙绿地就是掺了颜色的801胶水；国标JGT468或者JCT2329；刷了国标界面剂的墙面，硬度很高，用硬物刮，不怎么掉灰的就是好的，刷刷掉灰的就是没用的；或者墙面上洒水，没刷界面剂的墙面，洒水上去直接秒吸收，而刷了墙固界面剂的墙体吸水率明显降低；环保报告要符合GB18582，不能要GB18583；石膏板开槽处，一定要喷涂界面剂；
![[Pasted image 20250615114304.png]]
6、预埋型材：踢脚线、灯材等各种预埋款式要在油工进场前准备好；",,,,
61,61,5.5.3 油工施工过程监工,58,1,1,"# 油工施工过程监工
油工的工艺是和钱直接挂钩的！ 纯纯就是个良心活，他想不想给你好好弄， 你不监工是看不出来的?? ，我说的不是什么容易开裂的地方要挂网，腻子不要加胶水这些事，相信大家都很清楚了！ 

我想说的是 老老实实和偷奸耍滑，他们不说 我们看不出来的一些事情！油工工人很多但是好的油工不太多，你家的活干的好与不好 ，可能就差几袋石膏几袋腻子，所以！我们要高效率监工，我们要盯重要阶段！

我想跟大家分享油工三大重要的时间节点?? 
1）石膏打底阶段 2）第一遍腻子阶段 3）乳胶漆阶段

1、石膏打底阶段，有时间的话可以全线盯工（一两天的工期）因为他有可能忙活一天，干完了你再过去啥也看不出来，很容易偷懒?? 底子打不好 ，用再好的乳胶漆也白搭?? 。
石膏又分为嵌缝石膏、轻质石膏、粉刷石膏 
?嵌缝石膏 
主要用于石膏板之间的缝隙、水电槽、孔洞等小面积修补以及阴阳角的修正 
?粉刷石膏 
用于大面积找平，墙面误差大的地方，用粉刷石膏先进行找平，相对于腻子找平厚度更大！ 
?轻质石膏 
质量更轻，??进行墙面大误差找平和冲筋找平～ 因为质量更轻，不管是在运输还是施工方面都大大节约了人工成本
??在石膏打底阶段监工：大面要看他的石膏（不是腻子！）打的厚不厚，打的厚是结实稳定的基础，如果很稀的话，挂不住墙 料会往下沉降！
![[Pasted image 20250623224751.png]]
可以用??手机自带的水平功能看一下，这面墙不太直（这里高那里低什么的多说点细节）嘱咐工人多上心，自己心里也有数 ；
细节
??要看有没有做顶面吊顶钉眼处的防锈处理以及两块板子交接处的填缝处理 
??水电开槽处、新旧墙体交界处，线盒处要挂网处理 
??不平的地方、墙体歪斜的地方石膏处理平整 ，用水平仪打着看看直不直 

2、第一遍腻子 墙体平不平就靠第一遍腻子干完的情况啦，一般是第一遍腻子厚刮，第二遍薄刮 监工最重要的点！

3、做完了一面墙之后看刮的平不平，看两点，1大面平2细节平
1）看大面平不平：我们可以用??手机自带的功能检查墙面有无歪斜的情况，一眼就能看出来 
- 用靠尺检查阴阳角处有没有垂直
- 晚上用灯打一下光，看一下平滑否，不平滑再磨！ 
- 最好是晚上打磨喔??先机器磨再手工磨
2）看细节平不平
??肉眼看有没有气泡沙眼疙瘩不平滑 
??插座线盒处有没有处理的干净 
??踢脚线处理好，看腻子有没有刮到底，踢脚线处不平的话，安装踢脚线空很大用胶量也大
??自己监工干完一面检查一下，提一提要求，也让工人知道你的标准?? 
??再有一个，工人可能会说 顺平工艺就是顺下来就行，实际上国标要求的顺平工艺误差不小于4mm呢??我们就拿国标说事?? 不然的话安装柜子安装门啥的 1收口不好收 2用胶量大3不好看

4、盯第二遍刮腻子，要干透了再刮，不干就刮的话，腻子里的水分没干，容易发霉起泡长毛；
![[Pasted image 20250615155113.png|343]]
5、乳胶漆关窗户阴干，刷完乳胶漆要关窗户阴干7-15天，如果开窗痛风，容易导致墙面顶面开裂；",,,,
62,62,5.5.4 油工施工验收,58,1,1,"# 油工施工验收
验收时间点：腻子打磨完验收一次，乳胶漆上完验收一次；
1、腻子找平结束后，一定要在晚上验收，一定要配合手电灯光，避免波浪墙；
![[Pasted image 20250615161012.png|343]]
### 乳胶漆上完后
1、检查乳胶漆最低点十分低于后期踢脚线安装高度；
2、用手或深色衣服蹭一下墙面，看是否掉灰；
![[Pasted image 20250615163719.png|343]]
3、检查有没有以下的问题：
![[Pasted image 20250615163746.png|343]]
4、侧光验收：
![[Pasted image 20250615163819.png|343]]
",,,,
63,63,5.6 厨房卫生间装修,34,1,1,,,,,
64,64,5.6.1 厨房设计交底,63,1,1,"# 厨房设计交底
![[Pasted image 20250622093914.png]]
1、橱柜布局怎么选？ 一字型橱柜：一字型橱柜，简洁又实用，让你的小厨房也能井井有条。
2、L型橱柜：两面墙的空间全利用，L型布局，适合大多数家庭的长方形厨房，转角也能变废为宝！
3、U型橱柜：如果你家厨房够大，U型布局绝对是你的不二之选，三面墙全包围，收纳空间MAX！
4、色彩搭配小技巧
简约风才是王道！白色、灰色的橱柜门板，耐看又百搭，让你的厨房瞬间高大上！
5、材质选择有讲究 门板：饰面板性价比高，环保；烤漆门板防水防尘，懒人救星！
6、柜体：多层板，防水防潮，承重力强。 台面：石英石，至少1.5cm厚，耐磨耐刮，清洁超方便！
7、收纳小妙招 
多用抽屉拉篮：小物件统统收起来，找东西再也不用翻箱倒柜！
![[Pasted image 20250622091924.png]]
8、厨房墙面珐琅板磁吸收纳 厨房墙面改造磁吸珐琅板，所有的挂钩、搁板甚至是轨道插座都是磁吸上去的，免打孔可移动非常方便好用。 而且珐琅板墙面可以随意磁吸冰箱贴，厨房墙面再小的空间都可以利用起来，既实用又好看
![[Pasted image 20250622092340.png]]
9、厨房家电位置安排 
厨房嵌入式家电要提前预留好位置和电源，主要是冰箱、洗碗机、蒸烤箱等等，其中洗碗机需要提前预留好上下水，安排在水槽旁。紧挨着碗盘拉篮，水槽旁拿取洗碗凝珠、洗好碗筷直接码放在隔壁拉篮里一气呵成。 碗盘拉篮紧挨着洗碗机，洗碗机可以一键烘干消毒，碗盘洗好都是温特干燥的非常放心。这样洗好的碗筷取出来可以直接码放在拉篮里。
10、水槽下收纳
水槽下方被上下水管道切割的支离破碎，我用两个抽屉和一个壁挂抽屉解决清洁用品收纳，严丝合缝。柜门也可以利用起来，榨干空间。
![[Pasted image 20250622093049.png]]
11、转角柜设计：可以做钻石柜，也可以做对开门错层直角柜；
![[Pasted image 20250622093227.png]]",,,,
65,65,5.6.2 橱柜施工及验收要求,63,1,1,"# 橱柜施工及验收要求
## 施工
1、燃气灶下面容易落油污，需要用活动层板接油污；
![[Pasted image 20250622102622.png|343]]
![[Pasted image 20250622102608.png|343]]
2、做隐形透气孔；
![[Pasted image 20250622102932.png|343]]
3、在开孔处贴封边条，这样防止橱柜板材受潮；
![[Pasted image 20250622103019.png|343]]





## 验收
1、验胶：挡水条上的胶，要饱满，按压检查是不是空的，同时不起皮；不要打宽胶；
![[Pasted image 20250622102311.png|343]]
2、验水槽：不要去按压盆；台下盆看下面固定件数量，长边每边两个，短边每边一个，固定在台面下；
![[Pasted image 20250622102428.png]]
3、水盆下水口连接：下水管是50，软管是40，要严丝合缝地连接，要么打胶，要么用连接件；
![[Pasted image 20250622102505.png]]
4、橱柜踢脚线：看踢脚线固不固定，用脚踢一下，如过里面逛荡，说明里面少卡子，让工人重做；
5、吊柜需要用吊码固定，分为明装吊码和暗装吊码；
![[Pasted image 20250622102112.png|300]]![[Pasted image 20250622102158.png|300]]",,,,
66,66,5.7 全包装修验收,34,1,1,,,,,
67,67,6 全屋定制后期,1,1,1,,,,,
68,68,6.1 全屋定制安装与验收,67,1,1,"# 全屋定制安装与验收
1、运送的板材按区域分类摆放，不要贴墙防止刮擦；
2、检查板材品牌和色号；
3、检查板材用料是否和合同约定一致，开槽、开孔处可见；
4、检查板材厚度，面板层板一般18mm，背板9mm；
![[Pasted image 20250622115119.png]]
5、检查封边工艺是否合格，是否存在溢胶、破损；
6、检查板材表面是否有破损、变形、翘边；
7、检查铰链、拉手、衣通等，品牌、型号是否与订单一致；
8、检查美容胶品牌、型号是否与订单一致；
![[Pasted image 20250622115557.png]]
9、大纸壳子垫拆分板子，防止磕碰；
10、多余纸壳子集中摆放，最后一起卖；
11、检查玻璃门型号、颜色，是否与订单一致；
12、检查非标板材尺寸是否与订单一致，否则返工处理；
![[Pasted image 20250622115838.png]]
13、撕掉标签，检查板材有无瑕疵、破损；
14、检查水槽下方是否使用防水铝箔板；
15、检查柜子效果是否和约定一致，比如门板上盖、下盖；
16、上下分段式检查分段位置是否与订单一致；
![[Pasted image 20250622120158.png]]
17、检查左右两扇柜门是否齐平；
18、检查左右两扇柜门是否在一个面上；
19、检查封边是否平整无溢胶；
20、检查门板下吊，是否与订单一致；
![[Pasted image 20250622120504.png]]
21、检查门板缝隙是否均匀；
22、检查抽屉是否顺滑，是否有阻尼；
23、检查柜门开合是否顺畅；
24、检查衣通安装是否牢固；
![[Pasted image 20250622121733.png]]
25、检查反弹器是否弹出顺畅；
26、检查活动层板是否打孔可拆卸；
27、检查柜体是否安装牢固，隔板是否齐全；
28、检查灯带预留引线是否正确；
![[Pasted image 20250622121853.png]]
29、检查大钉眼是否都贴上钉眼贴；
30、检查柜体与墙面、天花板交接处是否顺直，缝隙均匀；
31、检查柜体与墙面、天花板交接处是否都打胶；
32、检查铰链数量是否足够多；
![[Pasted image 20250622122233.png]]
33、检查特殊做法处是否和下单文件一致；
34、检查过空调管的阳台柜是否打孔；
35、检查开放格板材交接是否和订单文件一致；
36、检查吊柜排烟孔位置是否预留正确；
![[Pasted image 20250622122625.png]]",,,,
69,69,7 电器挑选,1,1,1,,,,,
70,70,7.1 电器挑选表,69,1,1,,,,,
71,71,8 全屋家具,1,1,1,,,,,
72,72,8.1 家具,71,1,1,,,,,
73,73,8.1.1 沙发挑选,72,1,1,"# 沙发挑选
1、买真皮沙发就先问什么皮质？但凡是生态皮、硅胶皮、超纤皮都是假皮，说含真皮50%也是假皮；只有头层皮是真皮，用手一按带纹理的；头层皮往上是半青皮和全青皮；
2、 买布艺沙发就买磨砂布或棉麻，不要科技布，容易爆皮；
3、问海绵多少d的？40D、45D的，不要30D的，不然容易塌；或者用羽绒的；
4、靠包用那种海绵+羽绒的，不要公仔棉的；
5、沙发底部框架、弹簧、绷带、内部结构什么样的？沙发底下翻起来看，有没有拉链，没有拉链肯定有坑； 框架最好是实木松木的，蛇形弹簧+绷带；弹簧线径4mm；
![[Pasted image 20250622175703.png]]

1、预算充足选真皮沙发，预算不足选布艺沙发；
![[Pasted image 20250622175834.png]]
2、框架选松木、桦木或金属框架，不选桉木、杂木或大芯板；
![[Pasted image 20250622181016.png]]
3、沙发封底要选布艺封底，不选无纺布封底；
![[Pasted image 20250622181101.png]]
4、填充物选一体成型的高密度回弹海绵，不选公仔棉、低密度海绵；
![[Pasted image 20250622181146.png]]
5、弹簧选锰钢材质的蛇形弹簧；不选纯绷带；
![[Pasted image 20250622182300.png]]
6、沙发尺寸，离地不少于15cm，坐深不少于55cm，坐高不少于45cm；
![[Pasted image 20250622182338.png]]


## 沙发品牌
第1??：皮质沙发 
???顾家家居：目前市场上比较主流的皮沙发品牌之一。目前最大的家具生产商。 
???斯帝罗兰：现代风格为主，产品设计上稍微好一些，性价比的话一般般。 
???锐驰和德驰：做高端极简家具的，款式设计上是很不错的，但是比较贵，配齐全屋可能要十几到二十几万。 
第2??：布艺沙发 
???非同：在国内很多卖场都可以看见，主要是做布艺沙发的，具有一定的品牌溢价 
???爱依瑞斯：和非同是老对手了，属于那种你在哪里开店我就在你对面开店那种。打的是如胶似漆相爱相杀。 
第3??：功能沙发。 
???芝华仕：头等舱沙发形象深入人心沙发颜值上显得臃肿，虽然如此，但是它的价格还是和品牌成正比的。
???LAZBOY乐至宝，它的定位比芝华士还要高，名气虽然不大，但是价格上却要贵上很多，用料扎实，也没什么需要被担心用户看到的。",,,,
74,74,8.1.2 床挑选,72,1,1,"# 床挑选
1、选齐边床，床垫不会滑，不会跑，更省空间，更安全；不选内陷床，换床单费劲，易磕碰，小房间千万不要选，占空间；
![[Pasted image 20250623221452.png|343]]
2、选普通窗，更加稳固，舒适度好，透气；不选储物床，不透气，易受潮，拿取不方便，灰尘大；
![[Pasted image 20250623222122.png|343]]
3、框架选实木，结实耐用，无甲醛；不选密度板，不耐用，密度板甲醛高；
![[Pasted image 20250623222229.png|343]]
4、材质选头层牛皮，透气性好，更加耐用；不选仿皮/2层皮，不透气，易磨损掉皮；
![[Pasted image 20250623222338.png|343]]
5、选排骨架，排骨架更加结实耐用，不选拱形架，时间久了不稳定，会吱吱响，间隙大影响床垫寿命；
![[Pasted image 20250623222439.png]]
6、选高脚床，最好离地20公分，方便打扫，机器人也好进去清理卫生；不选矮脚床，容易积攒灰尘，又不好清洁卫生；
![[Pasted image 20250623222555.png|343]]
7、靠背选羽绒填充，不易塌陷，包裹性更好；不选公仔棉，容易塌陷；
![[Pasted image 20250623222716.png|343]]
8、靠背选25-35D填充的，不易塌陷，支撑性更好；靠背选45高的，45公分左右高度，靠着更加舒服，对脖子更友好；
![[Pasted image 20250623222930.png|343]]",,,,
75,75,8.1.3 餐桌挑选,72,1,1,"# 餐桌挑选
1、买实木餐桌，可选柚木、橡木、白蜡木、胡桃木的，稳定耐用；不买板材贴皮，遇见高温潮湿会起皮开裂！到处是疙瘩，不好修复；
![[Pasted image 20250625223155.png]]
2、买圆边角，圆滑设计，磕碰无大碍；不买直角边，不安全，容易受伤；
![[Pasted image 20250625223502.png]]
3、买圆形、方形，不买异性，有人正坐，有人歪坐，挺难受；
![[Pasted image 20250625223512.png]]
4、买厚度达标的岩板，12mm厚度，强度合适；6mm岩板厚度，刚性强度不够，容易断裂；
![[Pasted image 20250625223617.png]]
5、买垂直桌腿，坐着不占空间，也不影响椅子收放，不买桌腿内收，占空间，还会容易不小心磕碰；
![[Pasted image 20250625223812.png]]

## 餐桌材料
岩板餐桌和实木餐桌各有优缺点，具体如下: 
岩板餐桌:岩板餐桌具有现代简约的外观，具备独特的质感和光泽，耐磨耐刮，不易变形或受潮，且容易清洁。但岩板餐桌一旦磕碰无法修复，直接导致无法使用，且岩板餐桌一般由人造石材制成，可能含有一定的化学物质。 
实木餐桌:实木餐桌呈现自然温暖的木质纹理，使用年限很长，天然环保，无污染，且触感温暖舒适。但实木餐桌需要注意防潮和防虫等问题，并容易受到刮擦或磨损的影响，且油渍不易清理，容易残留。 

综上所述，如果喜欢自然温馨的感觉，愿意花时间和精力去保养，可以选择实木餐桌;如果更注重实用性和现代感，希望日常维护简单一些，可以选择岩板餐桌。 
1 奢石:天然稀缺，纹理独特，耐用易清洁，但 价格偏高。 
![[Pasted image 20250625224452.png]]
2 实木:纹理自然，材质环保、耐用，但易有划痕、烫伤、渗色。 
![[Pasted image 20250625224509.png]]
3 岩板:耐磨、耐刮、耐烫、易清洁，但搬运时受力不均易破损。 
![[Pasted image 20250625224501.png]]
4 超晶石:质感通透，防污、耐磨、耐腐蚀，但与自然纹理有差距。 
![[Pasted image 20250625224516.png]]
5 微晶石:表面光洁，抗污，但通透不及超晶石，易划伤
![[Pasted image 20250625224522.png]]

## 选岩板餐桌
![[Pasted image 20250625224559.png]]
![[Pasted image 20250625224605.png]]
![[Pasted image 20250625224612.png]]
![[Pasted image 20250625224626.png]]
![[Pasted image 20250625224642.png]]
![[Pasted image 20250625224650.png]]
",,,,
76,76,8.2 灯具,71,1,1,,,,,
77,77,8.2.1 灯具挑选,76,1,1,"# 灯具挑选
1、圆形灯的直径=（房间的长+房间的宽）/12；
![[Pasted image 20250627090731.png]]
2、瓦数主要由家庭面积和用途决定；
![[Pasted image 20250628221051.png]]
3、色温的选择，色温指光线的颜色，3000k以下，温馨舒适；3000k-5000k，自然舒适；5000k以上明亮冷清；
![[Pasted image 20250628221349.png]]
4、选环绕式侧发光：灯光更柔和，照射更均匀，防炫效果好；不选直发光，照射不均匀，容易引起眼睛不适；
![[Pasted image 20250628221624.png]]
5、选吸顶灯，性价比高，好看，安装方便；
![[Pasted image 20250628221824.png]]
6、选超薄的，不压层高，纤薄更美观；
![[Pasted image 20250628221909.png]]
7、选无频闪，对眼睛伤害小，不选高频闪；手机摄像对着光源，出现明显闪动；
![[Pasted image 20250628221958.png]]
8、选固定光源，固定光源够用了，而且便宜；不选三色变光，每次打开都要按好几次开关，才能调到合适的光源；
![[Pasted image 20250628222201.png]]
9、选亚克力灯罩，耐用不发黄；不选塑料灯罩，发黄变脆；
![[Pasted image 20250628222209.png]]
10、选紧贴天花板的，不藏灰，不占层高；不选有缝隙的，容易藏灰，压层高，而且天花板有阴影；
![[Pasted image 20250628222220.png]]
11、选造型简单，好打理卫生；不选造型复杂的，容易藏灰难打理；
![[Pasted image 20250628222227.png]]
12、选Ra>90的高显色指数，色彩还原度高；不选Ra<80的，色彩暗淡，还原度低；
![[Pasted image 20250628222236.png]]
13、选全光谱灯，灯光自然舒服；不选蓝光高的，伤害眼睛；
![[Pasted image 20250628222255.png]]
14、注意事项
1. 灯具造型不宜太复杂，简约大方最耐看
2. 开口不要朝上容易积灰
3. 卫生间灯具一定要防水
4. 光线不要直射人的眼睛，会不舒服，要有防眩光功能
5. 认准大品牌，有3C认证的灯具和光源
6. 选择有频闪和蓝光认证的产品
7. 不要买有镀层和漆的，过不了多久就容易掉色
8. 网购灯具不要只看效果图，要把商家给的尺寸放到家里，再看是否合适。
9. 在网上购买时，请核对好logo的每一个细节，以防商家以次充好。
![[Pasted image 20250628222312.png]]
",,,,
78,78,8.2.2 灯具品牌,76,1,1,"# 灯具品牌
颜值天花板??私藏36款平价百搭简约吸顶灯

???西顿灯饰（缇所长??75哲） 现代极简风，灯具以极简线条设计为主，经典黑色酷感十足，吸顶灯吊灯、无主灯都有。
![[Pasted image 20250629115830.png]]
・ ???藏月 灯具款式以几何图形为主，还喜欢运用星空??，云朵做多等自然元素，极简百搭。
![[Pasted image 20250629115837.png]]
・ ???君御家居（缇所长??75哲） 主打简约风，配色多以白色为主，清新淡雅中带着小细节，10年老品牌啦。 
![[Pasted image 20250629115843.png]]
・ ???若朗灯具 没想到吸顶灯的款式也能被他们玩出花，萌趣??月球灯，创意满天星款式都好看。
![[Pasted image 20250629115850.png]]
・ ???恒佳灯饰 投影技术用在吸顶灯上，真的酷毙了！拼接圆形??的设计，很有层次感。
![[Pasted image 20250629115856.png]]
・ ???索朗 现代简约风格灯具中，玄关灯款式一般很难出众。它家融合了北欧的温馨与简约的流畅，玄关灯极度让人心动。
![[Pasted image 20250629115902.png]]",,,,
79,79,8.3 窗帘,71,1,1,,,,,
80,80,8.3.1 窗帘挑选,79,1,1,"# 窗帘挑选
1、客厅用棉麻采光和透气性好，卧室用雪尼尔遮光和隐私性好；
![[Pasted image 20250629120402.png]]
2、1）幻影纱：幻影纱比金刚纱厚一点，也耐造，想要透光不透人，选幻影纱；2）金刚纱，想要通透朦胧飘逸选金刚纱；
![[Pasted image 20250629120501.png]]
3、不要选择拼色窗帘，有经验的选择纯色窗帘；
![[Pasted image 20250629120815.png]]
4、选高温定型的，不选窗帘自然垂落的；
![[Pasted image 20250629120923.png]]
5、有经验的选择调节钩，不选普通四爪够；
![[Pasted image 20250629121103.png]]
6、窗帘离地不能过高，离地2-3公分最好；
![[Pasted image 20250629121230.png]]
7、选窗帘盒+铝合金静音轨，不选罗马杆，会漏光，拆卸麻烦；
![[Pasted image 20250629121450.png]]",,,,
